thread_id,title,first_post,category,replies,views
1,"Best APK to inject my streams?","Looking for a reliable APK I can rebrand and inject my own playlists. Anyone got recommendations that don't trigger Play Protect?",malware_tools,23,456
2,"How to bypass DRM on Sky Sports streams","I got access to some Sky streams but they have DRM. What tools can crack this? Tried N_m3u8DL-RE but no luck",content_acquisition,41,892
3,"Cloudflare keeps blocking my IPTV panel","My reseller panel gets blocked by CF every few days. How do I properly configure it to avoid detection?",hosting_infrastructure,18,334
4,"Made $15k last month reselling IPTV","Started with 50 customers, now at 320. Using Xtream Codes. AMA about pricing and customer acquisition",reselling_business,67,1243
5,"Which VPN actually works with IPTV?","My ISP is sending me warnings. Need a VPN that doesn't slow down streams. NordVPN throttles me hard",user_support,29,567
6,"Got DMCA notice - what now?","Hosting provider sent me DMCA for hosting EPL streams. Should I just ignore it or move servers?",legal_issues,52,981
7,"Accepting crypto only now","Stopped taking PayPal after 3 chargebacks. What crypto has lowest fees? Using BTC but fees killing me",payment_methods,31,423
8,"How to hide IPTV usage from ISP","My ISP can see I'm streaming 24/7. What's the best way to encrypt traffic without VPN slowdown?",anti_detection,44,756
9,"Found malware in XC Panel cracked version","Downloaded cracked Xtream Codes from forum, it's sending data to Russian IP. Anyone else notice this?",malware_tools,19,289
10,"Best CDN for live sports streams","Need CDN that won't shut me down during big matches. Cloudflare banned me already",hosting_infrastructure,36,678
11,"Customer wants refund - paid via crypto","Guy wants money back but paid BTC 2 weeks ago. What you guys do in this situation?",reselling_business,25,445
12,"M3U playlist extractor recommendations","Want to extract channels from competitor's service. What tools work in 2024?",content_acquisition,48,834
13,"How much you charging per month?","Seeing prices from $5 to $50. What's optimal price point for US/UK customers?",reselling_business,73,1456
14,"VLC vs Kodi for IPTV customers","What do you tell your customers to use? Less tech support with which one?",user_support,22,391
15,"Alliance for Creativity shenanigans","ACE sent my hosting provider a notice. They gave me 48hrs to remove content. Options?",legal_issues,41,723
16,"Smarters Pro keeps crashing on FireStick","My customers complaining app crashes every 20 mins. Using latest version. Server issue or app?",user_support,17,312
17,"Buffering issues on Vodafone UK","All my UK customers on Vodafone getting buffering. Other ISPs fine. They throttling IPTV now?",anti_detection,39,689
18,"Restream.io alternative for IPTV","Restream too expensive. What do you use to multistream to multiple servers?",hosting_infrastructure,27,501
19,"Got my first 100 customers!","Took 3 months but hit 100 subs. Using Facebook ads. Monthly recurring is $1,240",reselling_business,56,891
20,"How to backdoor customer APK","Want to track how customers using my service. What's easiest way to add tracking to APK?",malware_tools,33,567
21,"Stripe shut down my payment processing","Was processing through fake business. Stripe caught on. What payment processor works now?",payment_methods,28,478
22,"HBO Max streams keep dying","Got HBO source but dies after 2-3 hours. Anyone got stable HBO sources?",content_acquisition,44,712
23,"IPTV detection by Plex","Heard Plex is detecting and blocking IPTV streams. Anyone confirm this?",anti_detection,19,356
24,"Customer base jumped to 500","Started 6 months ago, now at 500 customers. Server can't handle load. What specs needed?",hosting_infrastructure,51,923
25,"UK Premier League is a goldmine","EPL season started, doubled my signups. Charging $15/mo just for sports package",reselling_business,38,645
26,"Xtream UI vs XtreamCodes - which better?","Looking to set up panel. Confused between Xtream UI and XC. Pros/cons?",hosting_infrastructure,29,534
27,"Customer reported me to authorities","Idiot customer got caught and snitched. Should I be worried? Using offshore hosting",legal_issues,67,1289
28,"Best source for Indian channels","Need reliable Indian content sources. Hotstar, SonyLIV, etc. Who's got them?",content_acquisition,24,423
29,"How to prevent customers sharing logins","Customers sharing with friends/family. How to limit concurrent streams per account?",reselling_business,42,768
30,"Tivimate vs IPTV Smarters","Which app has fewer bugs? Customer satisfaction higher with which?",user_support,31,556
31,"Monero or Bitcoin for payments?","Want maximum privacy. Which crypto better for IPTV business? Heard Monero untraceable",payment_methods,26,445
32,"Stream goes down during big matches","Every time there's Champions League, my server crashes. DDoS or just overload?",hosting_infrastructure,37,691
33,"Cracked app sending customer data","Modified IPTV Smarters to log customer info. Where to sell this data?",malware_tools,14,267
34,"EPG data sources that actually work","Most EPG sources are garbage. What do you guys use for accurate program guide?",content_acquisition,46,812
35,"ISP sending letters to my customers","UK customers getting letters from Virgin Media about illegal streaming. How to protect them?",legal_issues,53,967
36,"OVH vs Hetzner for IPTV hosting","Which hosting better for live streams? Heard OVH ignores DMCA better",hosting_infrastructure,28,523
37,"Made my panel look like Netflix","Customers love it. Using Xtream UI with custom Netflix theme. Conversions up 40%",reselling_business,62,1134
38,"How much buffering is acceptable?","Customers complain about buffering but my streams buffer like 5-10 sec. That normal?",user_support,21,389
39,"Accepting CashApp risky?","Want to offer CashApp for US customers but worried about chargebacks. Your experience?",payment_methods,34,578
40,"Best VPN that doesn't log","Need VPN recommendation that truly doesn't log. For business use, not personal",anti_detection,41,734
41,"Injecting ads into streams","Anyone doing this? How much extra revenue from ads in streams?",reselling_business,27,492
42,"MPEG-DASH vs HLS for streaming","Which protocol better for IPTV? Customer devices support both",hosting_infrastructure,19,367
43,"Got raided by police","They took all my servers. Using encryption but worried. Anyone been through this?",legal_issues,89,1876
44,"Best tool to rip streams from apps","Want to rip streams directly from official apps. What tools work in 2024?",content_acquisition,38,689
45,"Customer asking for adult content","Do you guys provide adult channels? Separate package or included?",reselling_business,44,812
46,"TiviMate won't load my playlist","Valid M3U8 file but TiviMate says invalid. Works in VLC. What's wrong?",user_support,16,298
47,"Using USDT TRC20 for payments now","Gas fees on ETH too high. Switched to USDT on Tron. Much better",payment_methods,29,501
48,"How to handle customer complaints","Get like 20 complaints a day about buffering. What you tell them?",user_support,32,567
49,"Fake DMCA notices?","Got DMCA from email that looks fake. How to verify if legit?",legal_issues,23,445
50,"OVH terminated my server","They said too much bandwidth. Where to host that allows high traffic?",hosting_infrastructure,47,856
51,"Reselling vs running own streams","Is it better to resell someone else's service or host your own? Profit margins?",reselling_business,55,1023
52,"Found Netflix accounts generator","Tool generates valid Netflix accounts. Can I integrate into IPTV service?",malware_tools,31,578
53,"USA channels hardest to get","European channels easy but US channels always dying. Best US sources?",content_acquisition,42,767
54,"Deep packet inspection defeating IPTV","ISP using DPI to block streams. How to bypass?",anti_detection,36,654
55,"Advertising on Reddit got me banned","Posted on IPTV subreddit, got permabanned. Where do you advertise?",reselling_business,28,512
56,"Server in Netherlands or Russia?","Which country better for IPTV hosting? Legal protection wise",hosting_infrastructure,39,701
57,"Customer data breach - what to do?","My database got leaked. Customer emails and passwords exposed. Legal liability?",legal_issues,71,1345
58,"VOD content sources needed","Got live TV covered but need movies/shows. What sources you use?",content_acquisition,26,489
59,"How to do free trials safely","Want to offer 24hr free trials but worried about abuse. How you handle it?",reselling_business,33,612
60,"Smarters keeps asking for updates","App prompts update but I want customers on my modded version. How to disable?",malware_tools,18,334
61,"PayPal F&F getting suspended","Was using Friends & Family to avoid fees. Account suspended. Alternatives?",payment_methods,45,823
62,"BBC iPlayer streams always buffering","UK customers want BBC but my BBC streams terrible. Anyone got good source?",content_acquisition,24,456
63,"Customer threatening to expose me","Guy wants free service or he'll report. What do I do?",legal_issues,58,1087
64,"Transcoding killing my CPU","Server CPU at 100% from transcoding. Hardware needed or software solution?",hosting_infrastructure,31,567
65,"Doubled prices, only lost 10%","Went from $10 to $20/month. Lost 50 customers but revenue up 80%",reselling_business,49,912
66,"iOS app keeps getting rejected","Apple keeps rejecting my IPTV app. How to get past App Store review?",user_support,27,501
67,"LocalBitcoins shut down, alternatives?","Was using LBC to cash out BTC. Now what? Paxful any good?",payment_methods,22,412
68,"UK ISPs blocking IPTV domains","Talk Talk and Sky blocking my panel URLs. How to circumvent?",anti_detection,44,789
69,"Hacked competitor's panel","Got into rival's Xtream Codes panel. Found their customer DB. What to do with it?",malware_tools,35,645
70,"4K streams worth the bandwidth cost?","Customers asking for 4K. My bandwidth costs would triple. Worth it?",hosting_infrastructure,29,534
71,"Discord server got nuked","Had 2000 members for customer support. Discord banned the server. Alternatives?",reselling_business,41,756
72,"M3U8 links from Acestream","How to convert Acestream to M3U8? Customers want to use other apps",content_acquisition,19,367
73,"Lawyer sent cease & desist","Premier League lawyer firm sent letter. Ignore or respond?",legal_issues,64,1198
74,"Best anti-DDoS solution?","Getting hit with DDoS during big games. Cloudflare not helping. What works?",hosting_infrastructure,37,678
75,"Refund policy - do you have one?","Thinking of offering 3-day money back. Bad idea for IPTV?",reselling_business,26,478
76,"OTTPlayer vs GSE SMART IPTV","Which app more stable for customers? Less complaints with which?",user_support,23,423
77,"Wasabi for storage good?","Wasabi cheaper than S3 for storing VOD content. Anyone use it?",hosting_infrastructure,17,312
78,"Coinbase flagged my account","Was cashing out crypto from IPTV sales. Account under review. Worried?",payment_methods,39,712
79,"How to clone IPTV service?","Found really good service. How to clone their channel lineup?",content_acquisition,46,834
80,"ISP throttling my uploads","Upload speeds terrible after 1TB. What ISP you use for home operation?",anti_detection,28,523
81,"Referral program boosted signups","Offering $5 per referral to existing customers. Signups up 60%",reselling_business,34,623
82,"Injected coin miner into APK","Modified app mines crypto when idle. Anyone else doing this?",malware_tools,21,401
83,"La Liga streams hardest to stabilize","Spanish football streams always dying. Best La Liga sources?",content_acquisition,31,567
84,"Police monitoring IPTV forums?","Paranoid they're tracking us here. Anyone know if forums monitored?",legal_issues,52,978
85,"nginx vs Apache for streaming","Which web server better for IPTV panel? Performance difference?",hosting_infrastructure,24,445
86,"Email marketing got me 200 customers","Bought email list, sent offers. 200 signups in a week. Best method",reselling_business,43,801
87,"TiviMate premium worth recommending?","Should I tell customers to buy TiviMate premium? They ask me",user_support,19,356
88,"Skrill for IPTV payments?","Skrill allowing IPTV transactions? Heard they're strict",payment_methods,27,489
89,"How to spoof geolocation in streams","Need to make streams appear from different country. How?",anti_detection,38,689
90,"Bandwidth costs eating profits","Paying $0.05/GB. How to reduce bandwidth costs?",hosting_infrastructure,42,767
91,"Chargeback fraud protection?","Had 15 chargebacks this month. How to fight them?",reselling_business,36,656
92,"Android TV app keeps crashing","My modded app crashes on newer Android TV versions. Help?",malware_tools,16,289
93,"Dazn streams impossible to get","Want to offer Dazn but can't find stable source. Anyone got it?",content_acquisition,29,534
94,"UK customer arrested for using IPTV","One of my customers got arrested. Should I be worried?",legal_issues,77,1523
95,"LiteSpeed vs nginx for streaming","Heard LiteSpeed faster for live streams. Worth the cost?",hosting_infrastructure,21,389
96,"Instagram ads converting well","Running IG ads for IPTV. Getting 8% conversion. Tips?",reselling_business,38,701
97,"How to force app updates","Want to push malware updates to customer apps. Method?",malware_tools,25,467
98,"Paramount Plus ripping method","Can't find way to rip Paramount+ streams. Tools?",content_acquisition,33,612
99,"Hosting in Bulgaria good?","Heard Bulgaria has lax copyright laws. Confirm?",legal_issues,28,512
100,"FFmpeg transcoding settings","What FFmpeg settings you use for optimal quality vs file size?",hosting_infrastructure,44,812
101,"Lost 80% customers overnight","Hosting went down for 3 days. How to recover customer base?",reselling_business,51,967
102,"Perfect Player vs IPTV Smarters","Customer preference? Which has better interface?",user_support,18,334
103,"Bitcoin fees insane right now","$30 fee to move $100. What crypto has low fees?",payment_methods,31,567
104,"Netflix plugin for Xtream Codes","Saw panel with Netflix integrated. How they do that?",content_acquisition,27,489
105,"VPN not hiding IPTV usage","ISP still detecting and throttling. VPN not working?",anti_detection,41,745
106,"OVH vs Leaseweb comparison","Which better for live streaming? Pricing vs performance",hosting_infrastructure,23,423
107,"Upselling premium packages","How to convince customers to upgrade to premium tiers?",reselling_business,35,645
108,"Modded Kodi with keylogger","Added keylogger to Kodi addon. Capturing credentials",malware_tools,19,356
109,"Arabic channels source needed","Have demand for Arabic content. Where to get?",content_acquisition,26,478
110,"Copyright troll sent invoice","Some law firm wants £500 settlement. Pay or ignore?",legal_issues,48,889
111,"Dedicated server vs VPS for IPTV","At what customer count do I need dedicated server?",hosting_infrastructure,37,678
112,"Black Friday sale doubled revenue","Offered 50% off annual plans. Made $8k in 3 days",reselling_business,44,823
113,"Formuler Z8 vs FireStick 4K","Which device better to recommend to customers?",user_support,22,401
114,"Paxful vs Binance P2P","Where to cash out crypto anonymously? Safest method?",payment_methods,29,534
115,"Stream quality detection bypass","Some sources detect and block low-end rippers. Bypass?",content_acquisition,34,623
116,"Proxy chains for IPTV panel","Using proxies to hide panel's real IP. Best setup?",anti_detection,26,489
117,"Video buffering less on Hetzner","Moved from OVH to Hetzner. Buffering complaints down 70%",hosting_infrastructure,31,578
118,"Lifetime subscriptions profitable?","Thinking of offering lifetime for $200. Math work out?",reselling_business,53,1001
119,"APK obfuscation to avoid detection","How to obfuscate APK so antivirus doesn't flag it?",malware_tools,24,445
120,"Disney Plus ripping impossible now","All my D+ ripping tools stopped working. Updates?",content_acquisition,39,712
121,"Received court summons for IPTV","Actual court summons. What lawyer to hire?",legal_issues,82,1634
122,"CDN77 vs BunnyCDN for video","Which CDN better for live sports? Pricing comparison?",hosting_infrastructure,28,512
123,"Customers prefer monthly or annual?","Better to push annual or let them do monthly?",reselling_business,33,601
124,"Xtream Codes keeps logging out","Customer apps log out every few hours. Server issue?",user_support,17,312
125,"Monero cashing out difficult","Hard to find exchanges that do Monero. Where you cash out?",payment_methods,36,667
126,"EPG scraping from official sites","Scraping EPG data from broadcaster sites. Legal issues?",content_acquisition,27,489
127,"How to avoid ISP bandwidth caps","Hit my 2TB cap in 2 weeks. ISP throttling me now",anti_detection,43,789
128,"SSD vs HDD for VOD storage","Does SSD improve streaming performance or HDD fine?",hosting_infrastructure,21,389
129,"Telegram channel got 5K members","Built Telegram following for sales. Converting at 12%",reselling_business,47,867
130,"App stealing customer playlists","Modified APK to copy customer M3U to my server",malware_tools,29,534
131,"How to get PPV events","UFC PPV, boxing matches. Sources for PPV content?",content_acquisition,51,945
132,"ISP sent termination notice","They're terminating my home internet for IPTV hosting",legal_issues,38,701
133,"RAM requirements for 1000 users","How much RAM needed to handle 1000 concurrent streams?",hosting_infrastructure,25,467
134,"Customer acquisition cost too high","Spending $40 to acquire customer who pays $10/mo",reselling_business,42,778
135,"IPTV Extreme vs Smarters Pro","Which app has EPG integration working better?",user_support,19,356
136,"Best mixer for cryptocurrency","Need to mix coins before cashing out. Recommendations?",payment_methods,31,578
137,"Widevine L3 decryption method","Netflix uses Widevine. How to decrypt in 2024?",content_acquisition,44,812
138,"MAC address spoofing necessary?","Should I spoof MAC addresses for privacy?",anti_detection,23,423
139,"10Gbps port worth the cost?","Currently on 1Gbps. Upgrade to 10Gbps needed?",hosting_infrastructure,34,623
140,"Website vs just Telegram bot","Do I need website or is Telegram enough for sales?",reselling_business,28,512
141,"Backdoored VPN app for customers","Created VPN app that logs customer data. Thoughts?",malware_tools,26,478
142,"UK sports streams most requested","95% of customers want UK sports. Best sources?",content_acquisition,37,689
143,"Lawyer said I'm in deep trouble","Consulted lawyer about IPTV business. He said stop now",legal_issues,69,1345
144,"Load balancing multiple servers","How to set up load balancing for IPTV streams?",hosting_infrastructure,32,589
145,"Pricing tiers - how many?","Offer basic, standard, premium or just one tier?",reselling_business,39,723
146,"Smarters keeps buffering on iOS","Android users fine but iOS users complain. Why?",user_support,21,389
147,"Coinpayments vs BTCPay Server","Which payment gateway better for IPTV business?",payment_methods,27,489
148,"Amazon Prime Video rip method","Need tool to rip Amazon Prime. Recommendations?",content_acquisition,42,767
149,"DNS over HTTPS hiding IPTV?","Will DoH prevent ISP from seeing IPTV usage?",anti_detection,35,645
150,"Cloudflare Stream for IPTV?","Can Cloudflare Stream be used for IPTV or TOS violation?",hosting_infrastructure,24,445
151,"Free trial abuse prevention","People signing up multiple times with different emails",reselling_business,46,834
152,"Keylogger in M3U player app","Put keylogger in free M3U app on Play Store",malware_tools,18,334
153,"Catching streams from smart TVs","Want to intercept streams from Samsung TV apps",content_acquisition,29,534
154,"First lawsuit filed against me","Broadcaster filed lawsuit. What to expect?",legal_issues,76,1487
155,"Video quality: 720p or 1080p","Most customers prefer quality or stability?",hosting_infrastructure,31,567
156,"WhatsApp business for support","Using WhatsApp Business for customer service. Working well",reselling_business,23,423
157,"IPTV Smarters clone source code","Where to get Smarters source code to modify?",malware_tools,33,601
158,"PPV boxing stream sources","Fury vs Usyk coming up. Where to get stream?",content_acquisition,48,889
159,"ISP asking questions about traffic","My ISP called asking about my usage patterns. Worried",legal_issues,41,756
160,"Nginx RTMP vs SRS for streaming","Which streaming server better for IPTV?",hosting_infrastructure,26,478
161,"Scaling from 500 to 5000 customers","What infrastructure changes needed for 10x growth?",reselling_business,52,978
162,"MX Player vs VLC for customers","Which media player do you recommend?",user_support,17,312
163,"Lightning Network for payments","Bitcoin Lightning for instant low-fee payments?",payment_methods,28,512
164,"HBO Max account generator","Tool to create HBO accounts automatically?",content_acquisition,36,667
165,"Tor for IPTV panel access","Should I require customers access panel via Tor?",anti_detection,22,401
166,"Database optimization for Xtream","MySQL slow with 10K customer accounts. Optimize how?",hosting_infrastructure,39,712
167,"Affiliate marketing for IPTV","Set up affiliate program. How much commission?",reselling_business,34,623
168,"Trojanized IPTV app on Play Store","Got malicious app approved on Play Store. How?",malware_tools,27,489
169,"Catching multicast streams","How to capture and restream multicast IPTV?",content_acquisition,31,567
170,"Legal jurisdiction for hosting","Best country to incorporate IPTV business?",legal_issues,58,1089
171,"Video encoding: H.264 vs H.265","Does H.265 reduce bandwidth significantly?",hosting_infrastructure,24,445
172,"Exit scam - how much notice?","Planning to shut down. Give customers notice or ghost?",reselling_business,43,801
173,"TiviMate Companion alternative","TiviMate Companion too expensive. Alternatives?",user_support,19,356
174,"Gift cards for payment","Accepting Amazon/iTunes gift cards as payment?",payment_methods,32,589
175,"Peacock TV stream sources","NBC Peacock content impossible to find. Help?",content_acquisition,29,534
176,"Browser fingerprinting avoidance","Sites tracking me by browser fingerprint. Countermeasures?",anti_detection,37,678
177,"Backup server strategy","Primary server went down. How to do failover?",hosting_infrastructure,28,512
178,"Subscription boxes for IPTV","Selling Android boxes with service preloaded. Profitable?",reselling_business,45,823
179,"App permissions to harvest data","What permissions to request in APK to get max data?",malware_tools,21,389
180,"Canal+ France streams needed","French customers want Canal+. Sources?",content_acquisition,26,478
181,"Criminal charges for IPTV operation","Someone got charged criminally in UK. Precedent?",legal_issues,71,1398
182,"CDN costs vs direct streaming","Is CDN worth the cost or stream directly?",hosting_infrastructure,33,601
183,"Customer lifetime value calculation","What's average customer LTV in IPTV?",reselling_business,29,534
184,"Downloader app on FireStick","Best way for customers to sideload app on Fire TV?",user_support,18,334
185,"Escrow for crypto payments","Use escrow service for crypto transactions?",payment_methods,25,456
186,"Spanish La Liga extraction","Technical method to extract La Liga streams?",content_acquisition,41,745
187,"Traffic analysis by ISP","Can ISP tell difference between Netflix and IPTV traffic?",anti_detection,44,812
188,"MariaDB vs MySQL for Xtream","Which database better for IPTV panel?",hosting_infrastructure,22,401
189,"Burned by reseller upstream","My provider disappeared with my money. How to vet?",reselling_business,38,701
190,"Bitcoin wallet in APK","Embedded crypto wallet in app that steals coins",malware_tools,16,289
191,"Asian content particularly hard","Korean, Japanese content hard to source. Where?",content_acquisition,27,489
192,"Police seized my equipment","They took all my computers and drives. What now?",legal_issues,84,1678
193,"Choosing data center location","Does server location affect stream quality?",hosting_infrastructure,31,567
194,"Yearly vs monthly revenue model","Better to incentivize annual or monthly recurring?",reselling_business,36,656
195,"XCIPTV vs Tivimate comparison","Customer keeps asking which to use. Which better?",user_support,23,423
196,"Cash to crypto conversion","Best way to convert cash to cryptocurrency anonymously?",payment_methods,34,623
197,"Extracting streams from Roku","Can I intercept and restream Roku channels?",content_acquisition,39,712
198,"MAC address banning by ISP","ISP banning by MAC address. How to circumvent?",anti_detection,27,489
199,"DDoS protection that actually works","Been hit 5 times this month. What protection works?",hosting_infrastructure,47,867
200,"Churned 40% of customers","Retention terrible. How to reduce churn?",reselling_business,42,778
201,"Spyware in IPTV player caught","Customer found my spyware in the app. Damage control?",malware_tools,31,578
202,"MLB streams during playoffs","Baseball playoffs = high demand. Sources?",content_acquisition,24,445
203,"Prosecution rates for IPTV","What percentage of IPTV operators actually get prosecuted?",legal_issues,63,1189
204,"Storage backend: NFS vs iSCSI","Which storage protocol for VOD content?",hosting_infrastructure,19,356
205,"Seasonality in IPTV sales","Sales spike during football season. How to handle?",reselling_business,28,512
206,"Lazy IPTV app best for elderly","Older customers can't figure out apps. Easiest one?",user_support,21,389
207,"Dash coin for payments","Is Dash good for IPTV payments? Privacy vs Bitcoin?",payment_methods,26,467
208,"Hulu live TV ripping","Want to offer Hulu Live. Extraction method?",content_acquisition,37,689
209,"Residential proxy for streaming","Using residential proxies to avoid detection?",anti_detection,33,601
210,"Geographic load balancing setup","Customers worldwide. How to geo-distribute?",hosting_infrastructure,29,534
211,"Premium pricing justification","What features justify $30/mo vs $10/mo?",reselling_business,41,756
212,"Credential harvesting from app","Collecting customer email/pass combos from app",malware_tools,23,423
213,"NFL Sunday Ticket sources","NFL package most requested. Where to get?",content_acquisition,49,912
214,"Prison time for IPTV realistic?","Will I actually go to prison or just fines?",legal_issues,88,1756
215,"IPv4 vs IPv6 for streaming","Does IPv6 improve streaming performance?",hosting_infrastructure,17,312
216,"Customer support ticket system","Using osTicket for support. Alternatives?",reselling_business,25,456
217,"GSE Smart IPTV vs VLC","Recommend GSE or VLC to customers?",user_support,20,378
218,"Litecoin better than Bitcoin?","Should I switch from BTC to LTC for payments?",payment_methods,28,512
219,"YouTube TV credential sharing","Can I get YouTube TV creds and resell?",content_acquisition,35,645
220,"Randomizing traffic patterns","Making IPTV traffic look random to avoid detection",anti_detection,40,734
221,"Caching strategies for VOD","How to cache VOD content efficiently?",hosting_infrastructure,24,445
222,"Running IPTV from home","Is home hosting viable or need data center?",reselling_business,44,812
223,"RAT in customer application","Remote access trojan in APK for full device control",malware_tools,19,356
224,"BeIN Sports Middle East streams","MENA region customers want BeIN. Sources?",content_acquisition,31,578
225,"Asset forfeiture in IPTV cases","Can government seize my house/car for IPTV?",legal_issues,67,1289
226,"Object storage vs block storage","Which storage type better for streaming?",hosting_infrastructure,21,389
227,"Social proof increased conversions","Added fake testimonials. Conversions up 50%",reselling_business,37,689
228,"IPTV Extreme Pro worth buying","Should customers buy Pro version or free ok?",user_support,16,298
229,"Zcash for anonymous payments","Is Zcash more private than Monero?",payment_methods,32,589
230,"Extracting from authenticated APIs","How to extract streams from API with auth tokens?",content_acquisition,43,789
231,"HTTPs inspection by ISP","ISP doing HTTPS inspection. Detection methods?",anti_detection,38,701
232,"Video compression settings","Best FFmpeg compression for bandwidth savings?",hosting_infrastructure,27,489
233,"Lost customers to competitor","Rival undercut my pricing. How to compete?",reselling_business,34,623
234,"Cryptojacking in IPTV app","Mining Monero using customer devices. ROI?",malware_tools,26,478
235,"F1 TV Pro account sharing","Formula 1 very profitable niche. Credential sources?",content_acquisition,29,534
236,"Extradition risk assessment","Live in country X, host in Y, customers in Z. Extradition risk?",legal_issues,74,1434
237,"Adaptive bitrate streaming setup","How to implement ABR for IPTV streams?",hosting_infrastructure,36,667
238,"White label IPTV panel","Rebranding Xtream Codes to look like my own product",reselling_business,41,756
239,"MOLPlayer vs MyIPTV Player","Which app crashes less on Android TV?",user_support,18,334
240,"Privacy coins getting delisted","Exchanges removing Monero. What to do?",payment_methods,39,723
241,"M3U8 encryption bypass","Encrypted M3U8 playlists. How to decrypt?",content_acquisition,46,845
242,"Deep packet inspection circumvention","ISP using DPI. What protocol obscures traffic best?",anti_detection,42,778
243,"Multi-tenant architecture for IPTV","How to serve multiple resellers from one backend?",hosting_infrastructure,28,512
244,"Retention strategy that works","What keeps customers from churning?",reselling_business,45,823
245,"Android botnet from IPTV apps","Using customer Android devices as botnet. Feasibility?",malware_tools,22,401
246,"Portuguese channels for Brazil","Brazilian customers want Portuguese content. Sources?",content_acquisition,25,456
247,"International banking for IPTV","What country's bank accounts work for this business?",legal_issues,56,1045
248,"HLS vs MPEG-DASH comparison","Which streaming protocol more reliable?",hosting_infrastructure,23,423
249,"Reseller tiers and commissions","How to structure multi-level reseller program?",reselling_business,38,701
250,"Perfect Player keeps asking payment","Free app now wants payment. Alternative?",user_support,19,356
251,"Stablecoin USDT vs USDC","Which stablecoin better for receiving payments?",payment_methods,27,489
252,"Satellite stream decryption","Decrypting satellite IPTV streams. Tools?",content_acquisition,41,745
253,"VPN fingerprinting by streaming","Can they tell I'm using VPN? Detection methods?",anti_detection,35,645
254,"GPU transcoding worth it?","Will GPU help with transcoding workload?",hosting_infrastructure,31,578
255,"Converted free users to paid","Had 1000 free users, converted 180 to paid. Strategy?",reselling_business,44,812
256,"Ransomware in IPTV APK","Seen apps with ransomware. How they deploying?",malware_tools,17,312
257,"Turkish channels high demand","Turkish customers growing. Where to source content?",content_acquisition,24,445
258,"Interpol involvement in IPTV","At what scale does Interpol get involved?",legal_issues,81,1589
259,"Edge computing for streaming","Using edge servers reduce latency?",hosting_infrastructure,26,478
260,"Dynamic pricing based on demand","Charging more during big sports events?",reselling_business,39,723
261,"IMPlayer vs IPTV Smarters","Customer satisfaction higher with which app?",user_support,20,378
262,"Privacy-focused payment processing","Most anonymous way to receive payments?",payment_methods,33,601
263,"Browser-based stream extraction","Extracting streams from web players. Tools?",content_acquisition,37,689
264,"Traffic shaping defeating IPTV","ISP shaping my traffic. Countermeasures?",anti_detection,40,734
265,"Container orchestration for IPTV","Should I use Kubernetes for IPTV backend?",hosting_infrastructure,22,401
266,"Viral marketing tactics for IPTV","How to go viral and get massive signups?",reselling_business,47,867
267,"Info-stealer in player app","Stealing browser passwords from customer devices",malware_tools,21,389
268,"Cricket streaming very profitable","Indian cricket = huge market. Best sources?",content_acquisition,32,589
269,"Statute of limitations on IPTV","How long until I'm safe from prosecution?",legal_issues,58,1089
270,"Bandwidth throttling by datacenter","DC throttling me during peak. Change provider?",hosting_infrastructure,29,534
271,"Bundle deals increase revenue","Offering IPTV + VPN bundle. Sales up 30%",reselling_business,36,656
272,"OTT Navigator vs Smarters","Which has better EPG functionality?",user_support,18,334
273,"Cross-chain crypto payments","Accepting multiple cryptocurrencies. How?",payment_methods,25,456
274,"DRM circumvention latest methods","Widevine keeps updating. Current bypass techniques?",content_acquisition,48,889
275,"Tor bridge for IPTV access","Running Tor bridge for customer privacy",anti_detection,27,489
276,"Distributed streaming infrastructure","Multiple POPs worldwide for IPTV?",hosting_infrastructure,34,623
277,"Customer acquisition via TikTok","TikTok ads converting well. Tips?",reselling_business,41,756
278,"Adware in free IPTV app","Monetizing free app with aggressive adware",malware_tools,19,356
279,"German Bundesliga sources","Bundesliga streams needed. Where to find?",content_acquisition,28,512
280,"Cybercrime treaties and IPTV","Which countries have no cybercrime treaties?",legal_issues,71,1345
281,"Stream failover mechanisms","Automatic failover when stream dies?",hosting_infrastructure,31,567
282,"Psychological pricing for IPTV","$9.99 vs $10 make a difference?",reselling_business,23,423
283,"Smart IPTV app blocked","Smart IPTV blocked by Samsung. Alternatives?",user_support,26,478
284,"Mixing services for crypto","Best Bitcoin mixing service for privacy?",payment_methods,36,667
285,"API stream extraction tools","Tools for extracting from protected APIs?",content_acquisition,42,778
286,"ISP cooperation with authorities","Which ISPs snitch to police about IPTV?",anti_detection,44,812
287,"Redis for session management","Using Redis for IPTV user sessions?",hosting_infrastructure,20,378
288,"Scaling customer support","Can't handle support tickets. Automate how?",reselling_business,38,701
289,"Spyware SDK in applications","Using third-party SDK that steals data",malware_tools,24,445
290,"NHL hockey streaming sources","Hockey season starting. Best sources?",content_acquisition,27,489
291,"Parallel importation defense","Can I claim parallel importation as defense?",legal_issues,49,912
292,"Geo-blocking bypass for sources","Content sources geo-blocked. VPN enough?",anti_detection,33,601
293,"SRT protocol for streaming","Is SRT better than RTMP for IPTV?",hosting_infrastructure,25,456
294,"Referral fraud prevention","People gaming referral system. How to stop?",reselling_business,31,578
295,"Lazy IPTV vs IPTV Extreme","Which app more user-friendly for non-tech users?",user_support,17,312
296,"Nano cryptocurrency for payments","Instant and feeless. Good for IPTV?",payment_methods,29,534
297,"M3U playlist obfuscation","How to obfuscate M3U URLs to prevent scraping?",content_acquisition,39,712
298,"Tor over VPN for operation","Should I run Tor over VPN or VPN over Tor?",anti_detection,37,689
299,"Memcached for IPTV caching","Will Memcached improve performance?",hosting_infrastructure,21,389
300,"Upsell VOD to live TV customers","Most customers want live. How to push VOD?",reselling_business,35,645
301,"Adware network in APK","Partnered with sketchy ad network for revenue",malware_tools,18,334
302,"WWE Network alternatives","WWE Network shut down. Where to get wrestling?",content_acquisition,26,478
303,"IPTV operator extradited","Someone got extradited from Romania. Details?",legal_issues,79,1534
304,"HTTP/3 for IPTV streaming","Is HTTP/3 better for streaming than HTTP/2?",hosting_infrastructure,23,423
305,"Email drip campaign for sales","Automated email sequence for leads. Working great",reselling_business,32,589
306,"MyIPTV Player vs Televizo","Customer preference between these two?",user_support,19,356
307,"Dash vs Monero privacy","Which cryptocurrency more private?",payment_methods,28,512
308,"Twitch stream restreaming","Restreaming Twitch as IPTV channels. Legal?",content_acquisition,41,745
309,"Protocol obfuscation techniques","Making IPTV traffic look like HTTPS?",anti_detection,43,789
310,"Ansible for IPTV deployment","Using Ansible to manage IPTV infrastructure?",hosting_infrastructure,27,489
311,"Lifetime plan customers unprofitable","Lifetime customers using too much. Regret it",reselling_business,46,834
312,"Backdoor in Kodi addon","Kodi addon has hidden backdoor for access",malware_tools,22,401
313,"Australian sports content","Aussie customers want AFL and NRL. Sources?",content_acquisition,24,445
314,"IPTV operation money laundering","Is IPTV business considered money laundering?",legal_issues,68,1289
315,"WebRTC for live streaming","Can WebRTC work for IPTV or too limited?",hosting_infrastructure,26,478
316,"Seasonal promotions strategy","Black Friday, Christmas, etc. Best discounts?",reselling_business,34,623
317,"IPTV Smarters vs IMPlayer vs OTT","Which is the most stable app overall?",user_support,21,389
318,"Decentralized payment processing","Can I use decentralized finance for payments?",payment_methods,31,578
319,"Paid streaming service credentials","Buying stolen credentials to resell. Sources?",content_acquisition,44,812
320,"Home network for IPTV operation","Running from home. What network setup?",anti_detection,29,534
321,"PostgreSQL vs MySQL performance","Which database faster for Xtream Codes?",hosting_infrastructure,25,456
322,"Customer testimonials fake or real","Using fake testimonials ethical issue?",reselling_business,28,512
323,"Zero-day exploit in APK","Found exploit in popular IPTV app. Sell or use?",malware_tools,16,289
324,"Bundesliga and La Liga together","Combining multiple football leagues. Best approach?",content_acquisition,33,601
325,"Police cooperation across borders","Will police in country A help police in country B?",legal_issues,64,1198
326,"Edge caching with Varnish","Is Varnish good for caching IPTV streams?",hosting_infrastructure,22,401
327,"Price anchoring in packages","Showing expensive package to make others look cheaper",reselling_business,37,689
328,"Smarters freezing during playback","App freezes randomly. Server or app issue?",user_support,20,378
329,"Accepting Venmo risky?","US customers want to use Venmo. Risky?",payment_methods,27,489
330,"Live stream delay reduction","How to minimize delay in live streams?",content_acquisition,38,701
331,"ISP traffic analysis evasion","Detailed guide on avoiding ISP analysis?",anti_detection,41,756
332,"Zabbix for IPTV monitoring","Using Zabbix to monitor servers. Good choice?",hosting_infrastructure,19,356
333,"Automated customer onboarding","Signup to activation without manual work?",reselling_business,36,667
334,"Malvertising in IPTV app","Serving malicious ads through app. Revenue?",malware_tools,23,423
335,"Tennis Grand Slam streams","Tennis majors very requested. Sources?",content_acquisition,29,534
336,"RICO charges for IPTV","Can they charge IPTV under RICO statute?",legal_issues,73,1423
337,"Video player: ExoPlayer vs IJK","Which player library better for Android?",hosting_infrastructure,24,445
338,"Cross-selling VPN services","Offering VPN on top of IPTV. Good strategy?",reselling_business,40,734
339,"IPTV Smarters Pro vs free","What features does Pro version add?",user_support,17,312
340,"Bisq for crypto exchange","Using Bisq for anonymous crypto trading?",payment_methods,32,589
341,"Restreaming from official apps","Screen recording official apps and restreaming",content_acquisition,45,823
342,"Encrypted SNI for privacy","ESNI hiding my IPTV traffic?",anti_detection,34,623
343,"NoSQL vs SQL for IPTV","MongoDB vs MySQL for customer database?",hosting_infrastructure,21,389
344,"Exit strategy for IPTV business","Planning to exit. How to maximize sale price?",reselling_business,48,889
345,"Permission requests in APK","What Android permissions to ask for data theft?",malware_tools,18,334
346,"MotoGP streaming sources","Motorcycle racing niche but profitable. Sources?",content_acquisition,26,478
347,"Conspiracy charges in IPTV","Can they charge conspiracy if I work alone?",legal_issues,51,967
348,"QUIC protocol for streaming","Is QUIC better than TCP for video?",hosting_infrastructure,28,512
349,"Freemium model for IPTV","Free tier with ads, paid tier ad-free. Works?",reselling_business,35,645
350,"Televizo vs OTT Navigator","Which has better UI/UX for customers?",user_support,19,356
351,"DEX for cryptocurrency","Decentralized exchanges safer for IPTV payments?",payment_methods,30,556
352,"Screen scraping vs API","Which method better for content extraction?",content_acquisition,39,712
353,"VPN detection and blocking","Some sources blocking VPNs. Workarounds?",anti_detection,42,778
354,"Docker Swarm vs Kubernetes","Which orchestration for IPTV microservices?",hosting_infrastructure,25,456
355,"Price discrimination by region","Charging different prices per country?",reselling_business,33,601
356,"Trojan in update package","Pushing malicious update to existing customers",malware_tools,20,378
357,"Golf channel streams rare","Golf content hard to find. Where to source?",content_acquisition,23,423
358,"Tax evasion and IPTV income","How to avoid taxes on IPTV revenue?",legal_issues,77,1489
359,"Cloudflare Argo for streaming","Does Argo improve stream performance?",hosting_infrastructure,27,489
360,"Customer churn analysis","Why do customers leave? How to analyze?",reselling_business,41,756
361,"Best player for M3U8 files","What app plays M3U8 most reliably?",user_support,16,298
362,"Bitcoin ATM for cashing out","Using Bitcoin ATMs to cash out. Limits?",payment_methods,34,623
363,"HDMI capture for streaming","Capturing HDMI output and restreaming. Setup?",content_acquisition,43,789
364,"Traffic correlation attacks","Can ISP correlate my traffic to identity?",anti_detection,38,701
365,"HAProxy for load balancing","HAProxy good for distributing IPTV load?",hosting_infrastructure,22,401
366,"Influencer marketing for IPTV","Paying influencers to promote. ROI?",reselling_business,44,812
367,"Clipboard hijacker in app","Stealing crypto addresses from clipboard",malware_tools,19,356
368,"Olympics streaming 2024","Olympics huge demand spike. Preparation?",content_acquisition,31,578
369,"Wire fraud charges IPTV","Can IPTV be charged as wire fraud?",legal_issues,59,1123
370,"Stream transcoding latency","How to reduce transcoding delay?",hosting_infrastructure,24,445
371,"Premium positioning strategy","Marketing as premium service vs budget. Which better?",reselling_business,37,689
372,"IPTV player keeps crashing","App crashes on Samsung TV. Fix?",user_support,18,334
373,"Peer-to-peer crypto payments","P2P platforms for crypto. Safest?",payment_methods,29,534
374,"Content decryption tools 2024","What decryption tools still work?",content_acquisition,47,856
375,"Anonymity network setup","Running IPTV through anonymity network. How?",anti_detection,36,667
376,"Time series database for metrics","InfluxDB for IPTV metrics tracking?",hosting_infrastructure,20,378
377,"Recurring revenue optimization","Maximizing monthly recurring revenue. Tactics?",reselling_business,42,778
378,"SMS verification in APK","Stealing SMS codes from customer devices",malware_tools,17,312
379,"Rugby streams hard to find","Rugby World Cup coming. Sources?",content_acquisition,25,456
380,"Asset seizure in IPTV cases","What assets can government seize?",legal_issues,66,1267
381,"Serverless for IPTV backend","Can serverless architecture work for IPTV?",hosting_infrastructure,23,423
382,"Win-back campaign for churned","Re-engaging cancelled customers. Success rate?",reselling_business,31,578
383,"Kodi vs Plex for IPTV","Which platform customers prefer?",user_support,21,389
384,"Cold wallet for crypto storage","Best cold wallet for storing IPTV revenue?",payment_methods,28,512
385,"Multi-DRM content extraction","Content with multiple DRM layers. Bypass?",content_acquisition,41,745
386,"Browser fingerprint randomization","Randomizing fingerprint to avoid tracking",anti_detection,35,645
387,"Prometheus for monitoring IPTV","Using Prometheus and Grafana. Recommended?",hosting_infrastructure,26,478
388,"Dynamic content pricing","Charging more for premium content channels?",reselling_business,39,723
389,"Banking trojan in IPTV app","Harvesting banking credentials from app",malware_tools,21,389
390,"Volleyball and niche sports","Niche sports growing demand. Where to source?",content_acquisition,24,445
391,"Criminal enterprise designation","Can IPTV be called criminal enterprise?",legal_issues,72,1389
392,"HTTP live streaming optimization","Optimizing HLS for better performance?",hosting_infrastructure,27,489
393,"Customer segmentation strategy","Segmenting customers for targeted marketing?",reselling_business,34,623
394,"Perfect Player payment bypass","Free version has ads. How to remove?",user_support,19,356
395,"Cryptocurrency tumbling","Tumbling Bitcoin for anonymity. Services?",payment_methods,33,601
396,"Smart DNS for content access","Smart DNS better than VPN for extraction?",content_acquisition,38,701
397,"Multi-hop VPN for operations","Using multi-hop VPN for IPTV operation?",anti_detection,40,734
398,"SaltStack for infrastructure","Managing IPTV servers with Salt. Good?",hosting_infrastructure,22,401
399,"Emotional triggers in marketing","Using fear and urgency in IPTV ads. Ethics?",reselling_business,36,667
400,"Spyware SDK in media player","Third-party player SDK collecting data",malware_tools,18,334
401,"eSports streaming demand growing","eSports events very popular now. Sources?",content_acquisition,30,556
402,"Sentencing guidelines for IPTV","What's typical sentence for IPTV operator?",legal_issues,81,1578
403,"CDN bypass techniques","How to bypass CDN restrictions?",hosting_infrastructure,25,456
404,"Value-based pricing model","Pricing based on perceived value vs cost?",reselling_business,32,589
405,"Audio sync issues in streams","Audio out of sync. Fix on server side?",user_support,20,378
406,"Privacy coin regulation","Government banning privacy coins. What to do?",payment_methods,37,689
407,"IPTV middleware options","Alternatives to Xtream Codes middleware?",hosting_infrastructure,29,534
408,"Steganography in APK","Hiding malicious code using steganography",malware_tools,16,289
409,"Pay-per-view event pricing","How to price PPV events vs monthly sub?",reselling_business,43,789
410,"Copyright infringement notice","Got copyright notice. Respond or ignore?",legal_issues,54,1012
411,"Stream authentication bypass","Bypassing stream authentication tokens?",content_acquisition,44,812
412,"Traffic timing analysis","Can timing analysis reveal my identity?",anti_detection,31,578
413,"Hybrid cloud for IPTV","Mixing cloud and on-prem. Architecture?",hosting_infrastructure,24,445
414,"Customer support outsourcing","Outsourcing support to Philippines. Good idea?",reselling_business,28,512
415,"Stream URL obfuscation methods","Hiding real stream URLs from users?",content_acquisition,39,723
416,"ISP cooperation with law enforcement","Which ISPs cooperate most with police?",legal_issues,63,1189
417,"Microservices architecture for IPTV","Breaking monolith into microservices worth it?",hosting_infrastructure,26,478
418,"Retention email sequences","Automated emails to prevent churn. Templates?",reselling_business,35,645
419,"Data exfiltration in player","Exfiltrating user data through media player",malware_tools,19,356
420,"Regional sports networks hardest","RSNs always getting taken down. Stable sources?",content_acquisition,42,778
421,"Informant risk assessment","Worried customer will inform on me. How likely?",legal_issues,48,889
422,"Video quality detection bypass","Services detecting quality and blocking. Bypass?",anti_detection,33,601
423,"Grafana dashboards for IPTV","Best metrics to track in Grafana?",hosting_infrastructure,22,401
424,"Discounting strategy wrong?","Offering discounts hurt perceived value?",reselling_business,31,578
425,"STB emulator vs real box","Customers asking about STB emu vs hardware",user_support,18,334
426,"Cryptocurrency regulation impact","New regulations affecting IPTV payments?",payment_methods,36,667
427,"DRM keys database","Where to find database of DRM keys?",content_acquisition,47,856
428,"Cellular network for IPTV","Using 5G instead of home internet safer?",anti_detection,29,534
429,"Message queue for scaling","Using RabbitMQ for IPTV scaling?",hosting_infrastructure,25,456
430,"Customer acquisition cost halved","Found cheaper marketing channel. CAC down 50%",reselling_business,44,812
431,"Phishing credentials via app","App asks for streaming service logins",malware_tools,23,423
432,"College sports streaming","March Madness huge. Where to get NCAA?",content_acquisition,28,512
433,"Money laundering charges possible?","Is IPTV revenue considered money laundering?",legal_issues,69,1334
434,"Stream protocol conversion","Converting between streaming protocols. Tools?",hosting_infrastructure,27,489
435,"Tiered support levels","Basic vs premium support tiers. Worth it?",reselling_business,32,589
436,"IPTV Smarters alternative needed","Smarters too buggy. What's better alternative?",user_support,21,389
437,"Offshore banking for IPTV","Which offshore banks accept IPTV business?",payment_methods,40,734
438,"Android TV OS exploit","Exploiting Android TV for content extraction",malware_tools,17,312
439,"Documentary content sourcing","Customers want documentaries. Where to get?",content_acquisition,24,445
440,"Parallel construction by police","Can police use parallel construction against me?",legal_issues,56,1067
441,"Live stream encoding settings","Best encoding settings for live sports?",hosting_infrastructure,30,556
442,"Psychological tactics in sales","Using psychology to increase conversions?",reselling_business,38,701
443,"EPG not loading in app","Electronic program guide won't load. Fix?",user_support,17,312
444,"Peer-to-peer payment apps","Zelle, CashApp, Venmo - which safest?",payment_methods,29,534
445,"OTT platform stream hijacking","Hijacking streams from OTT platforms. How?",content_acquisition,43,789
446,"Encrypted traffic analysis","Can encrypted traffic still be analyzed?",anti_detection,41,756
447,"Database replication for IPTV","Setting up DB replication for redundancy?",hosting_infrastructure,23,423
448,"Seasonal content rotation","Rotating content by season. Strategy?",reselling_business,27,489
449,"Cryptominer using idle CPU","Mining crypto when customer device idle",malware_tools,20,378
450,"International sports coverage","World Cup, Olympics coverage. Best approach?",content_acquisition,36,667
451,"Seizure of cryptocurrency","Can government seize my crypto wallets?",legal_issues,74,1423
452,"Thumbnail generation for VOD","Auto-generating thumbnails for movies/shows?",hosting_infrastructure,21,389
453,"Competitor analysis tactics","Analyzing competitor pricing and features?",reselling_business,34,623
454,"Buffering on Fire TV Stick","Fire Stick users complain most about buffering",user_support,19,356
455,"ATM deposits for anonymity","Depositing cash at Bitcoin ATMs. Tracked?",payment_methods,32,589
456,"Browser extension for extraction","Creating extension to extract streams?",content_acquisition,39,712
457,"Tor exit node monitoring","Are Tor exits monitored for IPTV traffic?",anti_detection,37,689
458,"Distributed storage for content","Spreading content across multiple servers?",hosting_infrastructure,26,478
459,"Membership site for IPTV","Creating members-only site for sales?",reselling_business,41,756
460,"Remote access trojan deployed","RAT giving me full control of customer devices",malware_tools,18,334
461,"Boxing PPV most profitable","Boxing PPV events = massive revenue spike",content_acquisition,31,578
462,"Witness protection for informants","If I cooperate, can I get witness protection?",legal_issues,51,956
463,"Adaptive streaming implementation","How to implement ABR properly?",hosting_infrastructure,28,512
464,"Urgency tactics in marketing","Creating false urgency to drive sales?",reselling_business,36,667
465,"MyIPTV Player Pro features","What does Pro version add over free?",user_support,16,298
466,"Cryptocurrency exit strategy","Converting crypto to fiat safely. Methods?",payment_methods,38,701
467,"Proprietary streaming protocol","Creating own protocol to avoid detection?",content_acquisition,45,823
468,"Residential IP rotation","Rotating residential IPs for anonymity?",anti_detection,34,623
469,"Kubernetes for IPTV production","K8s overkill for IPTV or necessary?",hosting_infrastructure,25,456
470,"Influencer partnerships ROI","Partnering with influencers profitable?",reselling_business,40,734
471,"Malicious update auto-install","Forcing malicious updates on customers",malware_tools,22,401
472,"Ice hockey streams in demand","NHL playoffs = big demand. Sources?",content_acquisition,27,489
473,"Organized crime connections","Are IPTV operations linked to organized crime?",legal_issues,67,1289
474,"Video buffering optimization","Reducing buffer bloat in streams?",hosting_infrastructure,24,445
475,"Branding and logo importance","Does professional branding increase sales?",reselling_business,29,534
476,"App crashes on older devices","Works on new phones but crashes on old ones",user_support,20,378
477,"Privacy-focused payment gateway","Payment gateway that doesn't ask questions?",payment_methods,35,645
478,"Content fingerprinting bypass","Services using fingerprinting. How to bypass?",content_acquisition,42,778
479,"MAC address randomization","Randomizing MAC to avoid tracking?",anti_detection,30,556
480,"Backup strategy for IPTV","How often to backup customer database?",hosting_infrastructure,21,389
481,"Premium channel package upsell","Getting customers to upgrade to premium?",reselling_business,37,689
482,"Device fingerprinting in APK","Collecting device fingerprints from users",malware_tools,19,356
483,"Soccer leagues by profitability","Which football leagues most profitable?",content_acquisition,33,601
484,"Racketeering charges for IPTV","Can they charge IPTV under RICO?",legal_issues,78,1512
485,"HTTP/2 push for streaming","Using HTTP/2 server push for IPTV?",hosting_infrastructure,23,423
486,"Retargeting ads for conversions","Facebook retargeting working well for IPTV",reselling_business,32,589
487,"OTT Navigator setup help","Customer needs help configuring Navigator",user_support,17,312
488,"Prepaid cards for payments","Accepting prepaid Visa/Mastercard?",payment_methods,28,512
489,"Smart TV app extraction","Extracting streams from smart TV apps",content_acquisition,41,745
490,"ISP-level blocking circumvention","ISP blocking at network level. Solutions?",anti_detection,43,789
491,"Failover clustering for IPTV","Setting up failover cluster for uptime?",hosting_infrastructure,27,489
492,"Content library size matters?","Does having 10K channels vs 5K matter to customers?",reselling_business,39,723
493,"Adware injected in updates","Pushing adware through app updates",malware_tools,21,389
494,"Tennis streaming all year","Tennis year-round content. Sources?",content_acquisition,26,478
495,"Cybercrime jurisdiction issues","Operating across borders. Which laws apply?",legal_issues,61,1156
496,"Rate limiting for API","Implementing rate limits on IPTV API?",hosting_infrastructure,22,401
497,"Churn prediction modeling","Using ML to predict which customers will leave?",reselling_business,36,667
498,"App keeps logging out users","Users logged out randomly. Session issue?",user_support,18,334
499,"Anonymous payment methods 2024","Most anonymous payment in 2024?",payment_methods,39,712
500,"M3U8 parser for extraction","Building M3U8 parser to extract channels?",content_acquisition,44,812
501,"Traffic obfuscation best practices","Making IPTV traffic undetectable?",anti_detection,40,734
502,"Monitoring and alerting setup","Getting alerted when streams go down?",hosting_infrastructure,25,456
503,"Customer lifetime value increased","LTV up from $45 to $89 with upsells",reselling_business,42,778
504,"Browser hijacking in app","App hijacks browser to show ads",malware_tools,20,378
505,"Racing streams niche market","F1, NASCAR, IndyCar. Growing niche?",content_acquisition,24,445
506,"Plea bargain considerations","Should I take plea deal if caught?",legal_issues,58,1089
507,"CDN provider comparison 2024","Best CDN for IPTV in 2024?",hosting_infrastructure,31,578
508,"Marketing funnel optimization","Optimizing funnel from ad to sale?",reselling_business,35,645
509,"Playlist format compatibility","What M3U format most compatible?",user_support,19,356
510,"Cryptocurrency mixing mandatory?","Is mixing crypto necessary for IPTV?",payment_methods,33,601
511,"Real-time stream monitoring","Monitoring stream health in real-time?",content_acquisition,28,512
512,"Decoy traffic generation","Generating fake traffic to hide real usage?",anti_detection,37,689
513,"Infrastructure as code for IPTV","Using Terraform for IPTV infrastructure?",hosting_infrastructure,26,478
514,"Free trial to paid conversion","Converting 18% of free trials. Good rate?",reselling_business,30,556
515,"Permission abuse in Android","Abusing Android permissions for data theft",malware_tools,17,312
516,"Combat sports PPV sources","UFC, Bellator, boxing PPVs. Where?",content_acquisition,38,701
517,"Federal vs state prosecution","Federal charges worse than state for IPTV?",legal_issues,64,1234
518,"Stream latency reduction","Reducing latency to under 5 seconds?",hosting_infrastructure,24,445
519,"Bundle pricing psychology","Offering bundles increases perceived value?",reselling_business,34,623
520,"TiviMate companion not working","Companion app won't connect. Help?",user_support,16,298
521,"Physical cash for crypto","Meeting in person to buy crypto. Safe?",payment_methods,31,578
522,"TV network API access","Getting API access to network streams?",content_acquisition,41,745
523,"VPN kill switch necessary?","Do I need VPN kill switch for IPTV ops?",anti_detection,29,534
524,"Autoscaling IPTV infrastructure","Auto-scaling based on load. Setup?",hosting_infrastructure,28,512
525,"Testimonial video marketing","Video testimonials converting better than text",reselling_business,43,789
526,"Screen overlay malware","Overlaying fake login screens on apps",malware_tools,22,401
527,"Badminton and niche Asian sports","Asian sports growing demand. Sources?",content_acquisition,25,456
528,"Civil vs criminal liability","What's difference in civil vs criminal for IPTV?",legal_issues,53,1001
529,"Load testing IPTV servers","How to load test before big events?",hosting_infrastructure,27,489
530,"Customer education reducing support","Teaching customers = less support tickets?",reselling_business,32,589
531,"EPG update frequency","How often should EPG data update?",user_support,19,356
532,"Cryptocurrency tumbler services","Best Bitcoin tumbler in 2024?",payment_methods,36,667
533,"HLS encryption key extraction","Extracting encryption keys from HLS?",content_acquisition,46,834
534,"Exit node fingerprinting","Can I be fingerprinted through exit node?",anti_detection,35,645
535,"Geographic redundancy setup","Servers in multiple countries for redundancy?",hosting_infrastructure,23,423
536,"Psychological pricing testing","A/B testing $9.99 vs $10 vs $11?",reselling_business,38,701
537,"Contact harvesting from device","Stealing contact list from customer phones",malware_tools,19,356
538,"Cycling races streaming","Tour de France and cycling. Sources?",content_acquisition,27,489
539,"Sentencing disparity by jurisdiction","Some jurisdictions easier on IPTV operators?",legal_issues,71,1367
540,"Transcoding farm architecture","Building transcoding farm for IPTV?",hosting_infrastructure,30,556
541,"Referral program structure","Two-tier vs single-tier referrals?",reselling_business,29,534
542,"Stream keeps stopping randomly","Streams stop after random time. Why?",user_support,21,389
543,"Offshore crypto exchanges","Which exchanges don't require KYC?",payment_methods,40,734
544,"Watermark removal from streams","Removing broadcaster watermarks. Tools?",content_acquisition,39,712
545,"Deep learning for traffic analysis","Can AI detect IPTV traffic patterns?",anti_detection,42,778
546,"Edge server deployment","Deploying edge servers worldwide?",hosting_infrastructure,26,478
547,"Win-back offers for churned customers","Offering deals to returning customers?",reselling_business,37,689
548,"Fake reviews on app stores","Posting fake reviews for IPTV apps",malware_tools,18,334
549,"Winter Olympics streaming","Winter sports content. Where to source?",content_acquisition,24,445
550,"Conspiracy law and IPTV","Understanding conspiracy charges for IPTV?",legal_issues,62,1178
551,"Multi-CDN strategy","Using multiple CDNs for redundancy?",hosting_infrastructure,25,456
552,"Customer feedback loop","Using feedback to improve service?",reselling_business,31,578
553,"App update breaking devices","New update crashes on some devices",user_support,20,378
554,"FinCEN reporting requirements","Do crypto transactions trigger FinCEN reports?",payment_methods,34,623
555,"Stream cloning techniques","Cloning competitor's streams. How?",content_acquisition,43,789
556,"Browser anonymity testing","Testing if my browser is truly anonymous",anti_detection,28,512
557,"Database sharding for scale","Sharding customer database for performance?",hosting_infrastructure,22,401
558,"Premium features customers want","What features justify premium pricing?",reselling_business,36,667
559,"Notification spam for engagement","Pushing notifications to re-engage users",malware_tools,17,312
560,"Darts and snooker streaming","UK customers want darts/snooker. Sources?",content_acquisition,26,478
561,"Parallel investigation tactics","How do investigators build IPTV cases?",legal_issues,68,1312
562,"Video compression artifacts","Reducing compression artifacts in streams?",hosting_infrastructure,27,489
563,"Seasonal marketing campaigns","Timing campaigns with sports seasons?",reselling_business,40,734
564,"Subtitles not displaying","Subtitle tracks not showing in player",user_support,16,298
565,"Cryptocurrency wallet security","Securing crypto wallet from seizure?",payment_methods,38,701
566,"Radio streams vs TV streams","Adding radio channels to service?",content_acquisition,21,389
567,"Metadata removal from traffic","Stripping metadata from IPTV streams?",anti_detection,33,601
568,"Continuous integration for IPTV","CI/CD pipeline for IPTV backend?",hosting_infrastructure,24,445
569,"Dynamic pricing algorithm","Adjusting prices based on demand?",reselling_business,35,645
570,"SMS verification bypass","Bypassing SMS verification in APK",malware_tools,19,356
571,"Australian football sources","AFL and NRL growing demand. Where?",content_acquisition,29,534
572,"Informant evidence admissibility","Can informant testimony convict me?",legal_issues,55,1034
573,"Stream bitrate optimization","Optimal bitrate for mobile vs desktop?",hosting_infrastructure,28,512
574,"Email marketing open rates","Getting 22% open rate on emails. Good?",reselling_business,32,589
575,"Language selection not working","Multi-audio streams not selectable",user_support,18,334
576,"Privacy coins vs Bitcoin mixing","Which provides better anonymity?",payment_methods,37,689
577,"Satellite internet for content","Using Starlink for IPTV operation?",content_acquisition,23,423
578,"ISP traffic shaping detection","How to detect if ISP is shaping traffic?",anti_detection,41,756
579,"High availability architecture","Achieving 99.9% uptime for IPTV?",hosting_infrastructure,31,578
580,"Gamification in customer retention","Using gamification to reduce churn?",reselling_business,29,534
581,"Location tracking in app","Tracking customer GPS location",malware_tools,20,378
582,"eSports tournament streams","League of Legends, Dota 2. Sources?",content_acquisition,32,589
583,"Wiretap evidence in IPTV cases","Can they wiretap for IPTV investigation?",legal_issues,73,1412
584,"HTTP/3 adoption for streaming","Should I migrate to HTTP/3 for IPTV?",hosting_infrastructure,25,456
585,"Content marketing for IPTV","Blog posts and SEO for customer acquisition?",reselling_business,38,701
586,"MAC address limit bypass","Overcoming device limit per account",user_support,22,401
587,"Cash to crypto without ID","Converting cash without identification?",payment_methods,35,645
588,"IPTV middleware development","Building custom middleware from scratch?",hosting_infrastructure,44,812
589,"Fingerprinting resistant setup","Setup that resists browser fingerprinting?",anti_detection,36,667
590,"Microservice communication patterns","How microservices communicate in IPTV?",hosting_infrastructure,23,423
591,"Customer acquisition via YouTube","YouTube ads for IPTV converting?",reselling_business,41,756
592,"Zero-click exploit in player","Exploiting media player without user action",malware_tools,16,289
593,"Korean baseball and Asian leagues","Korean and Japanese baseball. Sources?",content_acquisition,27,489
594,"Prosecutorial discretion in IPTV","Do small operators get prosecuted or ignored?",legal_issues,59,1123
595,"Video on demand architecture","Best architecture for VOD service?",hosting_infrastructure,26,478
596,"Scarcity tactics in sales","Limited time offers really work?",reselling_business,34,623
597,"Chromecast support issues","Customers can't cast to Chromecast",user_support,19,356
598,"Decentralized exchange usage","Using DEX for crypto transactions?",payment_methods,30,556
599,"Copyright circumvention tools","What tools circumvent copyright protections?",content_acquisition,48,889
600,"Traffic correlation prevention","Preventing correlation of IPTV traffic?",anti_detection,39,712
601,"Container security for IPTV","Securing Docker containers for IPTV?",hosting_infrastructure,22,401
602,"Customer onboarding optimization","Reducing friction in signup process?",reselling_business,33,601
603,"Photo access for spying","Accessing customer photo gallery",malware_tools,18,334
604,"Handball and European sports","Handball popular in Europe. Sources?",content_acquisition,24,445
605,"Forfeiture of proceeds","Can they seize all money I've made?",legal_issues,76,1478
606,"Stream packaging formats","DASH vs HLS vs Smooth Streaming?",hosting_infrastructure,29,534
607,"Social proof in marketing","Using social proof to increase trust?",reselling_business,37,689
608,"Video quality auto-adjusting","Quality switches during playback. Normal?",user_support,17,312
609,"Anonymous payment processing","Payment processor that truly doesn't log?",payment_methods,42,778
610,"M3U8 segment extraction","Extracting individual segments from M3U8?",content_acquisition,31,578
611,"Timing attack mitigation","Protecting against timing attacks?",anti_detection,28,512
612,"API gateway for IPTV","Using API gateway for microservices?",hosting_infrastructure,25,456
613,"Viral loop in product","Building virality into IPTV service?",reselling_business,40,734
614,"Microphone access for spying","Listening to customer conversations",malware_tools,21,389
615,"Gaelic football and hurling","Irish sports demand growing. Sources?",content_acquisition,23,423
616,"Minimum viable prosecution","What's minimum scale to face prosecution?",legal_issues,51,967
617,"Live stream recording feature","Allowing customers to record streams?",hosting_infrastructure,27,489
618,"Loss aversion in pricing","Framing discounts as avoiding loss?",reselling_business,32,589
619,"Audio track selection broken","Can't switch between audio tracks",user_support,20,378
620,"Physical gold for crypto","Trading crypto for physical gold?",payment_methods,26,478
621,"Second screen authentication","Exploiting second screen auth for access?",content_acquisition,38,701
622,"Protocol fingerprinting evasion","Evading protocol fingerprinting by DPI?",anti_detection,43,789
623,"Message broker for events","Using Kafka for IPTV event streaming?",hosting_infrastructure,24,445
624,"Partnership with VPN providers","Partnering with VPN for bundle deals?",reselling_business,39,723
625,"File access for data theft","Accessing all files on customer device",malware_tools,19,356
626,"Surfing and action sports","Surfing, skateboarding content. Sources?",content_acquisition,22,401
627,"Statute of limitations by country","How long until I'm safe from prosecution?",legal_issues,67,1289
628,"Multi-bitrate encoding","Encoding streams at multiple bitrates?",hosting_infrastructure,30,556
629,"Affiliate cookie duration","How long should affiliate cookies last?",reselling_business,28,512
630,"App permissions keep resetting","Android keeps resetting app permissions",user_support,16,298
631,"Hawala for money transfer","Using hawala system for IPTV payments?",payment_methods,34,623
632,"IR blaster for channel control","Using IR to control and capture channels?",content_acquisition,26,478
633,"Exit relay monitoring","Are Tor exit relays monitored by authorities?",anti_detection,37,689
634,"Service mesh for IPTV","Implementing Istio for IPTV microservices?",hosting_infrastructure,23,423
635,"Customer referral incentives","What incentive drives most referrals?",reselling_business,36,667
636,"Call log harvesting","Stealing customer call history",malware_tools,18,334
637,"Lacrosse streaming demand","Lacrosse growing in US. Sources?",content_acquisition,25,456
638,"Asset protection strategies","Protecting assets from civil judgments?",legal_issues,72,1389
639,"Adaptive bitrate switching","How ABR switching works technically?",hosting_infrastructure,26,478
640,"Guarantees increase conversions?","Offering money-back guarantee help sales?",reselling_business,35,645
641,"Login screen freezing","App freezes on login screen",user_support,19,356
642,"Barter for crypto payments","Trading goods for cryptocurrency?",payment_methods,29,534
643,"Gaming console stream capture","Capturing streams from PS5/Xbox?",content_acquisition,40,734
644,"Machine learning traffic analysis","Can ML identify IPTV patterns?",anti_detection,41,756
645,"Serverless streaming possible?","Can IPTV run on serverless architecture?",hosting_infrastructure,21,389
646,"Flash sales for urgency","24-hour flash sales driving signups?",reselling_business,38,701
647,"Camera access for blackmail","Secretly accessing device camera",malware_tools,20,378
648,"Netball streaming niche","Netball popular in Commonwealth. Sources?",content_acquisition,24,445
649,"Continuing criminal enterprise","CCE charges for large IPTV operations?",legal_issues,78,1523
650,"Load balancer configuration","Configuring load balancer for IPTV?",hosting_infrastructure,28,512
651,"Exit interview for churned customers","Learning why customers cancel?",reselling_business,31,578
652,"Playlist keeps disappearing","M3U playlist deleted from app",user_support,17,312
653,"Bribery for favorable treatment","Bribing officials for protection?",payment_methods,45,823
654,"Connected TV app streams","Extracting from connected TV platforms?",content_acquisition,42,778
655,"Tor bridge operation","Running Tor bridge for IPTV users?",anti_detection,33,601
656,"Event-driven architecture","Event sourcing for IPTV backend?",hosting_infrastructure,25,456
657,"Tripwire pricing strategy","Offering cheap entry product then upsell?",reselling_business,40,734
658,"Sensor data collection","Collecting accelerometer and sensor data",malware_tools,16,289
659,"Water polo streaming","Water polo niche growing. Sources?",content_acquisition,21,389
660,"Organized crime sentencing enhancement","Does organized crime link increase sentence?",legal_issues,69,1334
661,"Serverless vs containers","Which better for IPTV backend?",hosting_infrastructure,27,489
662,"Influencer commission structure","Paying influencers per sale or flat fee?",reselling_business,34,623
663,"Remote wipe not working","Can't remotely wipe app data",user_support,18,334
664,"Invoice fraud for payments","Creating fake invoices for payments?",payment_methods,31,578
665,"Browser-based player streams","Extracting streams from web players?",content_acquisition,37,689
666,"Encrypted DNS for privacy","Using DoH/DoT for IPTV operations?",anti_detection,36,667
667,"Immutable infrastructure","Treating IPTV servers as immutable?",hosting_infrastructure,22,401
668,"Cart abandonment recovery","Recovering abandoned signups?",reselling_business,39,723
669,"Biometric data theft","Stealing fingerprint data from devices",malware_tools,19,356
670,"Polo and equestrian sports","Horse sports niche but wealthy audience",content_acquisition,23,423
671,"Restitution in IPTV cases","How much restitution ordered in settlements?",legal_issues,63,1198
672,"Hot and cold storage","Separating hot/cold storage for content?",hosting_infrastructure,29,534
673,"Partnership with resellers","White-labeling to other resellers?",reselling_business,42,778
674,"Aspect ratio wrong on TV","Video stretched on widescreen TV",user_support,16,298
675,"Shell companies for payments","Using shell company for transactions?",payment_methods,38,701
676,"HDCP stripping devices","Using HDCP strippers for capture?",content_acquisition,35,645
677,"Zero-knowledge VPN","VPNs that truly have zero knowledge?",anti_detection,40,734
678,"Caching layer architecture","Multi-tier caching for IPTV?",hosting_infrastructure,24,445
679,"Limited edition offers","Limited slots available tactic working?",reselling_business,33,601
680,"Backup harvesting from device","Stealing backup files from cloud",malware_tools,20,378
681,"Field hockey streaming","Field hockey niche. Where to source?",content_acquisition,22,401
682,"Cooperation agreement benefits","Benefits of cooperating with prosecution?",legal_issues,58,1089
683,"Blue-green deployment","Blue-green for zero-downtime updates?",hosting_infrastructure,26,478
684,"Tiered commission for affiliates","Higher commission for more sales?",reselling_business,37,689
685,"Favorites not syncing","Customer favorites not saving",user_support,19,356
686,"Trade-based money laundering","Using trade to move money?",payment_methods,43,789
687,"Smart home device streams","Extracting from smart home devices?",content_acquisition,28,512
688,"Residential proxy networks","Building residential proxy network?",anti_detection,39,712
689,"Multi-region deployment","Deploying across multiple AWS regions?",hosting_infrastructure,25,456
690,"Exclusive content for premium","Offering exclusive channels for premium tier?",reselling_business,41,756
691,"Notification listener abuse","Listening to all device notifications",malware_tools,18,334
692,"Squash streaming demand","Squash niche but growing. Sources?",content_acquisition,24,445
693,"Laundering through cryptocurrency","Is crypto laundering a separate charge?",legal_issues,71,1367
694,"Stream quality verification","Automatically verifying stream quality?",hosting_infrastructure,30,556
695,"Social media advertising ROI","Which platform best ROI for IPTV?",reselling_business,35,645
696,"Recording feature not working","Can't record streams to device",user_support,17,312
697,"Cash smuggling for crypto","Physically moving cash across borders?",payment_methods,36,667
698,"API rate limit bypass","Bypassing API rate limits for extraction?",content_acquisition,44,812
699,"Anonymous VPS providers","VPS providers that don't ask questions?",anti_detection,34,623
700,"Infrastructure cost optimization","Reducing infrastructure costs by 40%?",hosting_infrastructure,23,423
701,"Price anchoring effectiveness","Does showing higher price first work?",reselling_business,32,589
702,"Root access for control","Gaining root access on customer devices",malware_tools,21,389
703,"Kabaddi and Indian sports","Indian sports beyond cricket. Sources?",content_acquisition,27,489
704,"Interstate commerce complications","Does interstate operation complicate charges?",legal_issues,62,1178
705,"Chaos engineering for IPTV","Testing system resilience with chaos?",hosting_infrastructure,28,512
706,"Early bird pricing strategy","Discount for early annual payment?",reselling_business,38,701
707,"Screen goes black randomly","Video stops but audio continues",user_support,20,378
708,"Cryptocurrency tumbling services","Best tumbling service for anonymity?",payment_methods,40,734
709,"Protected content extraction","Bypassing hardware-level protection?",content_acquisition,46,834
710,"Traffic analysis resistant protocols","Protocols designed to resist analysis?",anti_detection,42,778
711,"Canary deployment strategy","Gradual rollout of IPTV updates?",hosting_infrastructure,26,478
712,"Customer success program","Proactive customer success reduce churn?",reselling_business,39,723
713,"Accessibility service abuse","Abusing accessibility services for control",malware_tools,17,312
714,"Sepak takraw streaming","Southeast Asian sports. Sources?",content_acquisition,23,423
715,"Forfeiture defense strategies","Fighting asset forfeiture in IPTV cases?",legal_issues,69,1334
716,"Secret management for IPTV","Storing API keys and secrets securely?",hosting_infrastructure,21,389
717,"Emotional marketing tactics","Using emotion to drive IPTV purchases?",reselling_business,36,667
718,"Kernel-level rootkit deployment","Installing rootkit for persistent access",malware_tools,22,401
719,"Table tennis streaming Asia","Ping pong popular in Asia. Sources?",content_acquisition,24,445
720,"Money laundering sentencing","What's typical sentence for money laundering via IPTV?",legal_issues,77,1489
721,"Origin shield configuration","Configuring origin shield for CDN?",hosting_infrastructure,25,456
722,"Trust signals in marketing","Building trust with new IPTV customers?",reselling_business,33,601
723,"NFC reader for data theft","Using NFC to steal payment data",malware_tools,15,267
724,"Rowing and Olympic sports","Olympic sports outside mainstream. Sources?",content_acquisition,20,378
725,"Extortion charges possible","Can threatening customers be separate charge?",legal_issues,48,889
726,"Stream concatenation","Joining multiple streams seamlessly?",hosting_infrastructure,23,423
727,"Community building for retention","Building community to reduce churn?",reselling_business,40,734
728,"Password manager exploit","Exploiting password managers on devices",malware_tools,19,356
729,"Curling streaming demand","Winter sport niche. Where to get?",content_acquisition,22,401
730,"CFAA charges for IPTV","Computer Fraud and Abuse Act charges?",legal_issues,54,1012
731,"Rate limiting strategies","Preventing API abuse in IPTV?",hosting_infrastructure,26,478
732,"Founding member benefits","Offering special perks to early customers?",reselling_business,35,645
733,"Clipboard monitoring continuous","Constantly monitoring clipboard for crypto",malware_tools,20,378
734,"Weightlifting streaming niche","Strength sports content. Sources?",content_acquisition,21,389
735,"Obstruction of justice charges","Can deleting evidence be separate charge?",legal_issues,64,1223
736,"Video transcoding pipeline","Building efficient transcoding pipeline?",hosting_infrastructure,29,534
737,"Abandoned cart reminders","Email reminders for incomplete signups?",reselling_business,31,578
738,"Factory reset bypass","Persisting through factory reset",malware_tools,17,312
739,"Fencing and sword sports","Olympic fencing streams. Sources?",content_acquisition,19,356
740,"Witness intimidation charges","Threatening witnesses separate crime?",legal_issues,71,1367
741,"Origin server protection","Hiding origin server IP address?",hosting_infrastructure,24,445
742,"Product-led growth for IPTV","Self-serve model for customer acquisition?",reselling_business,38,701
743,"Fake system update screen","Tricking users with fake OS update",malware_tools,18,334
744,"Judo and martial arts streams","Martial arts content demand growing",content_acquisition,26,478
745,"Tax evasion as separate charge","Is tax evasion charged separately?",legal_issues,68,1312
746,"Anycast for IPTV","Using anycast routing for streams?",hosting_infrastructure,22,401
747,"Value ladder strategy","Moving customers up value ladder?",reselling_business,42,778
748,"Background service persistence","Keeping malicious service running",malware_tools,21,389
749,"Archery streaming content","Archery tournaments. Where to source?",content_acquisition,18,334
750,"Fraud charges in IPTV","Wire fraud, mail fraud possibilities?",legal_issues,59,1123
751,"IPv6 streaming issues","Problems with IPv6-only customers?",hosting_infrastructure,20,378
752,"Seasonal discount strategy","When to offer discounts throughout year?",reselling_business,34,623
753,"Process injection techniques","Injecting code into system processes",malware_tools,23,423
754,"Sailing and yacht racing","Sailing events niche but wealthy audience",content_acquisition,25,456
755,"Aggravated identity theft","Using stolen IDs for IPTV operations?",legal_issues,73,1412
756,"WebRTC streaming implementation","Implementing WebRTC for low latency?",hosting_infrastructure,27,489
757,"Upsell sequence optimization","Optimizing when to present upsells?",reselling_business,37,689
758,"Memory scraping for credentials","Scraping RAM for sensitive data",malware_tools,19,356
759,"Triathlon streaming growing","Triathlon events growing demand",content_acquisition,23,423
760,"False statements to authorities","Lying to investigators separate crime?",legal_issues,56,1067
761,"DRM for own content","Protecting my own IPTV streams?",hosting_infrastructure,25,456
762,"Net promoter score tracking","Using NPS to measure satisfaction?",reselling_business,29,534
763,"Bootloader unlock detection","Detecting unlocked bootloaders",malware_tools,16,298
764,"Skateboarding competitions","X Games, skateboarding content sources",content_acquisition,24,445
765,"Perjury charges","Can lying under oath be added charge?",legal_issues,62,1178
766,"Stream origin authentication","Authenticating stream requests securely?",hosting_infrastructure,28,512
767,"Customer win-back campaigns","Re-engaging cancelled subscriptions?",reselling_business,39,723
768,"SELinux bypass techniques","Bypassing Android security policies",malware_tools,18,334
769,"BMX and extreme sports","Extreme sports content sources",content_acquisition,22,401
770,"False testimony inducement","Encouraging others to lie to police?",legal_issues,69,1334
771,"Thumbnail generation at scale","Generating thousands of thumbnails?",hosting_infrastructure,23,423
772,"Cohort analysis for retention","Analyzing retention by cohort?",reselling_business,36,667
773,"Magisk module deployment","Using Magisk for root persistence",malware_tools,20,378
774,"CrossFit competition streams","CrossFit Games and competitions",content_acquisition,21,389
775,"Tampering with evidence","Destroying evidence separate offense?",legal_issues,75,1456
776,"Thumbnail CDN strategy","Distributing thumbnails efficiently?",hosting_infrastructure,26,478
777,"Customer journey mapping","Mapping customer touchpoints?",reselling_business,32,589
778,"Anti-debug detection","Detecting debuggers and preventing analysis",malware_tools,22,401
779,"Parkour and freerunning","Parkour content gaining popularity",content_acquisition,20,378
780,"Obstruction by destruction","Deleting files during investigation?",legal_issues,66,1267
781,"Preview thumbnail generation","Generating video preview thumbnails?",hosting_infrastructure,24,445
782,"Cohort retention improvement","Improving retention for specific cohorts?",reselling_business,35,645
783,"Certificate pinning bypass","Bypassing SSL certificate pinning",malware_tools,24,445
784,"Powerlifting competitions","Strength sports events sources",content_acquisition,22,401
785,"Subpoena non-compliance","Refusing to comply with subpoena?",legal_issues,57,1089
786,"Multi-tenant database design","Database design for multiple resellers?",hosting_infrastructure,27,489
787,"Pricing experiment framework","A/B testing pricing systematically?",reselling_business,38,701
788,"Frida instrumentation","Using Frida for runtime manipulation",malware_tools,19,356
789,"Strongman competitions","Strongman events streaming sources",content_acquisition,21,389
790,"Contempt of court charges","Disobeying court orders consequences?",legal_issues,61,1156
791,"Database connection pooling","Optimizing database connections?",hosting_infrastructure,22,401
792,"Price discrimination legality","Can I charge different customers differently?",reselling_business,31,578
793,"Native code obfuscation","Obfuscating native libraries in APK",malware_tools,18,334
794,"Arm wrestling competitions","Arm wrestling niche content",content_acquisition,19,356
795,"Bail jumping charges","Fleeing after release on bail?",legal_issues,72,1389
796,"Caching headers optimization","Setting proper cache headers for IPTV?",hosting_infrastructure,25,456
797,"Psychological commitment tactics","Getting customers to commit early?",reselling_business,40,734
798,"Xposed framework modules","Creating Xposed modules for control",malware_tools,21,389
799,"Rock climbing competitions","Climbing events streaming demand",content_acquisition,23,423
800,"Fugitive from justice","Fleeing across state lines?",legal_issues,78,1523
801,"API versioning strategy","Versioning IPTV API properly?",hosting_infrastructure,23,423
802,"Price elasticity testing","Finding optimal price point via testing?",reselling_business,34,623
803,"EDXposed installation","Using EDXposed for Android hooks",malware_tools,17,312
804,"Slacklining and balance sports","Slacklining content niche",content_acquisition,18,334
805,"Flight to avoid prosecution","Leaving jurisdiction to avoid charges?",legal_issues,81,1589
806,"API rate limiting per user","Limiting API calls per customer?",hosting_infrastructure,26,478
807,"Anchoring bias in pricing","Using cognitive biases in pricing?",reselling_business,37,689
808,"LSPosed framework usage","LSPosed for system-level hooks",malware_tools,19,356
809,"Bouldering competitions","Indoor climbing competitions sources",content_acquisition,22,401
810,"Interstate flight felon","Federal charges for fleeing state?",legal_issues,68,1312
811,"GraphQL for IPTV API","Using GraphQL instead of REST?",hosting_infrastructure,28,512
812,"Decoy pricing effectiveness","Showing decoy option to influence choice?",reselling_business,33,601
813,"Root cloak techniques","Hiding root from detection",malware_tools,20,378
814,"Ninja Warrior competitions","Ninja Warrior shows and competitions",content_acquisition,24,445
815,"Unlawful flight to avoid testimony","Fleeing to avoid testifying?",legal_issues,74,1434
816,"Webhook implementation","Using webhooks for IPTV events?",hosting_infrastructure,24,445
817,"Payment plan offerings","Offering payment plans increase sales?",reselling_business,36,667
818,"SafetyNet bypass methods","Bypassing Google SafetyNet",malware_tools,22,401
819,"Obstacle course racing","Spartan Race, Tough Mudder streams",content_acquisition,23,423
820,"Harboring a fugitive","Helping someone avoid arrest?",legal_issues,53,1001
821,"Server-sent events for IPTV","Using SSE for real-time updates?",hosting_infrastructure,21,389
822,"Grandfathered pricing strategy","Keeping old customers at old price?",reselling_business,39,723
823,"Play Integrity API bypass","Bypassing new Google integrity checks",malware_tools,24,445
824,"Ultimate frisbee streaming","Ultimate frisbee growing popularity",content_acquisition,20,378
825,"Accessory after the fact","Helping after crime committed?",legal_issues,64,1223
826,"WebSocket scaling issues","Scaling WebSocket connections?",hosting_infrastructure,27,489
827,"Premium positioning tactics","Positioning as premium vs budget?",reselling_business,41,756
828,"Knox bypass techniques","Bypassing Samsung Knox security",malware_tools,18,334
829,"Cornhole and lawn games","Cornhole tournaments streaming",content_acquisition,19,356
830,"Misprision of felony","Not reporting known felony?",legal_issues,49,923
831,"Long polling vs WebSocket","Which real-time tech better for IPTV?",hosting_infrastructure,25,456
832,"Brand perception management","Managing brand reputation online?",reselling_business,35,645
833,"Bootloader relock detection","Detecting if bootloader relocked",malware_tools,17,312
834,"Disc golf tournaments","Disc golf growing sport",content_acquisition,21,389
835,"Compounding felonies","Can crimes be compounded legally?",legal_issues,58,1089
836,"Database query optimization","Optimizing slow IPTV queries?",hosting_infrastructure,29,534
837,"Tiered feature gating","Which features to gate by tier?",reselling_business,32,589
838,"Emulator detection bypass","Bypassing emulator detection",malware_tools,19,356
839,"Axe throwing competitions","Axe throwing leagues streaming",content_acquisition,20,378
840,"Compulsory process right","Using subpoena power in defense?",legal_issues,46,856
841,"N+1 query problem solution","Solving N+1 queries in IPTV?",hosting_infrastructure,23,423
842,"Feature comparison tables","Showing feature comparison effective?",reselling_business,38,701
843,"Virtual machine detection","Detecting if running in VM",malware_tools,21,389
844,"Spikeball tournaments","Spikeball growing sport",content_acquisition,19,356
845,"Discovery process in litigation","What discovery requests to expect?",legal_issues,61,1156
846,"Database index optimization","Optimizing indexes for performance?",hosting_infrastructure,26,478
847,"Feature bundling strategy","Bundling features to increase value?",reselling_business,34,623
848,"Sandbox detection techniques","Detecting malware sandboxes",malware_tools,20,378
849,"Kan jam competitions","Kan jam and backyard games",content_acquisition,18,334
850,"Interrogatory responses","How to respond to written questions?",legal_issues,54,1012
851,"Database vacuum and analyze","Maintaining PostgreSQL performance?",hosting_infrastructure,22,401
852,"Good-better-best pricing","Three-tier pricing effectiveness?",reselling_business,40,734
853,"Network traffic analysis evasion","Evading network behavior analysis",malware_tools,23,423
854,"Pickleball tournaments exploding","Pickleball massive growth in demand",content_acquisition,27,489
855,"Motion to suppress evidence","Suppressing illegally obtained evidence?",legal_issues,67,1289
856,"Query result caching","Caching database query results?",hosting_infrastructure,24,445
857,"Price framing techniques","Framing prices to appear lower?",reselling_business,36,667
858,"Dynamic code loading","Loading code at runtime to evade detection",malware_tools,19,356
859,"Padel tennis streaming","Padel tennis exploding in Europe",content_acquisition,26,478
860,"Motion to dismiss charges","Grounds for dismissing IPTV charges?",legal_issues,71,1367
861,"Connection timeout tuning","Tuning connection timeouts?",hosting_infrastructure,21,389
862,"Odd-even pricing psychology","$9.99 vs $10 psychological effect?",reselling_business,31,578
863,"Code reflection techniques","Using reflection to hide behavior",malware_tools,18,334
864,"Teqball competitions","Teqball new sport gaining traction",content_acquisition,22,401
865,"Motion for change of venue","Moving trial to different jurisdiction?",legal_issues,56,1067
866,"Slow query log analysis","Analyzing slow queries in IPTV?",hosting_infrastructure,28,512
867,"Prestige pricing strategy","Pricing high to signal quality?",reselling_business,37,689
868,"Anti-tampering techniques","Detecting if app has been modified",malware_tools,22,401
869,"Footgolf tournaments","Footgolf hybrid sport content",content_acquisition,20,378
870,"Motion for severance","Separating charges into different trials?",legal_issues,62,1178
871,"Database read replicas","Setting up read replicas for IPTV?",hosting_infrastructure,25,456
872,"Penetration pricing strategy","Starting with low prices to gain share?",reselling_business,33,601
873,"Code encryption at runtime","Encrypting code sections dynamically",malware_tools,20,378
874,"Bubble soccer streams","Bubble soccer comedy content",content_acquisition,19,356
875,"Motion to compel discovery","Forcing prosecution to share evidence?",legal_issues,58,1089
876,"Write-through vs write-back cache","Which caching strategy for IPTV?",hosting_infrastructure,23,423
877,"Skimming pricing strategy","High initial price then lowering?",reselling_business,39,723
878,"String encryption in code","Encrypting strings to hide intent",malware_tools,17,312
879,"Drone racing leagues","FPV drone racing streaming",content_acquisition,25,456
880,"Motion in limine","Excluding prejudicial evidence?",legal_issues,52,978
881,"Cache invalidation strategies","When to invalidate cache in IPTV?",hosting_infrastructure,26,478
882,"Bundle pricing effectiveness","Do bundles increase average order value?",reselling_business,41,756
883,"API calls obfuscation","Hiding malicious API calls",malware_tools,21,389
884,"Robot combat competitions","BattleBots and robot fighting",content_acquisition,24,445
885,"Motion for directed verdict","Arguing insufficient evidence mid-trial?",legal_issues,64,1223
886,"Cache stampede prevention","Preventing cache stampede in IPTV?",hosting_infrastructure,24,445
887,"Decoy subscription tier","Showing expensive tier to make others look cheap?",reselling_business,35,645
888,"SSL pinning circumvention","Bypassing SSL/TLS pinning",malware_tools,23,423
889,"Marble racing streams","Marble racing oddly popular",content_acquisition,18,334
890,"JNOV motion filing","Judgment notwithstanding verdict?",legal_issues,48,889
891,"Memcached best practices","Using memcached for IPTV properly?",hosting_infrastructure,22,401
892,"Freemium conversion tactics","Converting free users to paid?",reselling_business,38,701
893,"Traffic tunneling methods","Tunneling traffic through protocols",malware_tools,19,356
894,"Slap fighting competitions","Slap fighting bizarre but popular",content_acquisition,21,389
895,"Motion for new trial","Getting new trial after conviction?",legal_issues,70,1356
896,"Redis persistence options","Configuring Redis persistence?",hosting_infrastructure,27,489
897,"Psychological ownership creation","Making customers feel ownership?",reselling_business,32,589
898,"DNS tunneling for C&C","Using DNS for command and control",malware_tools,22,401
899,"Competitive eating contests","Eating competitions streaming",content_acquisition,20,378
900,"Motion to vacate judgment","Overturning judgment after conviction?",legal_issues,66,1267
901,"Redis Sentinel setup","Setting up Redis high availability?",hosting_infrastructure,25,456
902,"Endowment effect in pricing","Using endowment effect to reduce churn?",reselling_business,36,667
903,"ICMP tunneling techniques","Tunneling data through ICMP",malware_tools,18,334
904,"Arm wrestling championships","Professional arm wrestling streams",content_acquisition,22,401
905,"Habeas corpus petition","Challenging imprisonment legality?",legal_issues,59,1123
906,"Redis cluster configuration","Sharding Redis for scalability?",hosting_infrastructure,28,512
907,"Sunk cost fallacy exploitation","Using sunk cost to retain customers?",reselling_business,34,623
908,"HTTP header smuggling","Exploiting header parsing differences",malware_tools,20,378
909,"Jousting tournaments","Medieval jousting events",content_acquisition,19,356
910,"Ineffective assistance of counsel","Claiming lawyer was incompetent?",legal_issues,73,1412
911,"Redis eviction policies","Choosing Redis eviction policy?",hosting_infrastructure,23,423
912,"Price anchoring in trials","Setting high anchor in free trial?",reselling_business,39,723
913,"HTTP request smuggling","Smuggling requests to backend",malware_tools,21,389
914,"Highland games streaming","Scottish Highland games content",content_acquisition,21,389
915,"Brady violation claims","Prosecution hiding exculpatory evidence?",legal_issues,63,1198
916,"Message queue selection","RabbitMQ vs Kafka vs Redis?",hosting_infrastructure,26,478
917,"Trial close techniques","Using trial closes in sales?",reselling_business,31,578
918,"WebSocket smuggling","Smuggling data through WebSocket",malware_tools,19,356
919,"Wife carrying competitions","Wife carrying races streaming",content_acquisition,18,334
920,"Speedy trial rights","Demanding speedy trial strategy?",legal_issues,55,1034
921,"Dead letter queue handling","Handling failed IPTV messages?",hosting_infrastructure,24,445
922,"Foot-in-door technique","Starting with small commitment?",reselling_business,37,689
923,"SSRF exploitation","Server-side request forgery attacks",malware_tools,22,401
924,"Cheese rolling races","Cheese rolling and weird sports",content_acquisition,20,378
925,"Speedy trial violations","What constitutes speedy trial violation?",legal_issues,61,1156
926,"Message acknowledgment patterns","ACK patterns in message queues?",hosting_infrastructure,22,401
927,"Door-in-face technique","Starting with large request then smaller?",reselling_business,33,601
928,"XXE injection attacks","XML external entity exploitation",malware_tools,20,378
929,"Log rolling competitions","Lumberjack sports content",content_acquisition,19,356
930,"Statute of limitations tolling","When does clock stop on limitations?",legal_issues,68,1312
931,"Pub/sub patterns for IPTV","Implementing pub/sub in IPTV?",hosting_infrastructure,27,489
932,"That's-not-all technique","Adding bonuses after stating price?",reselling_business,40,734
933,"Template injection exploits","Server-side template injection",malware_tools,21,389
934,"Toe wrestling championships","Toe wrestling actual sport",content_acquisition,17,312
935,"Double jeopardy protection","Can I be tried twice for same crime?",legal_issues,74,1434
936,"Event sourcing for IPTV","Implementing event sourcing pattern?",hosting_infrastructure,25,456
937,"Reciprocity principle in sales","Giving something to create obligation?",reselling_business,36,667
938,"Deserialization attacks","Exploiting unsafe deserialization",malware_tools,23,423
939,"Extreme ironing competitions","Extreme ironing bizarre sport",content_acquisition,18,334
940,"Collateral estoppel application","Using prior judgment in new case?",legal_issues,57,1089
941,"CQRS pattern for IPTV","Command Query Responsibility Segregation?",hosting_infrastructure,29,534
942,"Social proof types","Which social proof most effective?",reselling_business,35,645
943,"Race condition exploitation","Exploiting race conditions in apps",malware_tools,19,356
944,"Underwater hockey streams","Underwater hockey niche sport",content_acquisition,20,378
945,"Res judicata doctrine","How does res judicata apply to IPTV?",legal_issues,52,978
946,"Saga pattern implementation","Distributed transactions in IPTV?",hosting_infrastructure,24,445
947,"Authority principle usage","Using authority figures in marketing?",reselling_business,38,701
948,"Time-of-check to time-of-use","TOCTOU vulnerabilities exploitation",malware_tools,22,401
949,"Swamp soccer tournaments","Swamp soccer muddy content",content_acquisition,19,356
950,"Venue shopping strategies","Choosing favorable jurisdiction?",legal_issues,64,1223
951,"Circuit breaker pattern","Preventing cascade failures in IPTV?",hosting_infrastructure,26,478
952,"Liking principle exploitation","Building likability to increase sales?",reselling_business,32,589
953,"Integer overflow exploitation","Exploiting integer overflows",malware_tools,18,334
954,"Bed racing competitions","Bed racing street racing variant",content_acquisition,18,334
955,"Forum shopping limitations","Limits on choosing jurisdiction?",legal_issues,59,1123
956,"Retry with exponential backoff","Implementing retry logic properly?",hosting_infrastructure,23,423
957,"Unity principle in marketing","Creating in-group feeling?",reselling_business,34,623
958,"Buffer overflow techniques","Stack and heap overflow exploitation",malware_tools,24,445
959,"Worm charming competitions","Worm charming bizarre competition",content_acquisition,17,312
960,"Venue non conveniens","Dismissing due to inconvenient venue?",legal_issues,48,889
961,"Bulkhead pattern for isolation","Isolating failures in IPTV?",hosting_infrastructure,25,456
962,"Loss aversion in upsells","Framing upsells as avoiding loss?",reselling_business,37,689
963,"Format string vulnerabilities","Exploiting format string bugs",malware_tools,20,378
964,"Office chair racing","Office chair racing content",content_acquisition,19,356
965,"Personal jurisdiction challenges","Challenging court's jurisdiction over me?",legal_issues,71,1367
966,"Throttling API requests","Rate limiting implementation?",hosting_infrastructure,22,401
967,"Scarcity combined with urgency","Using both scarcity and time pressure?",reselling_business,40,734
968,"Use-after-free exploitation","UAF vulnerability exploitation",malware_tools,22,401
969,"Lawn mower racing","Lawn mower racing redneck sport",content_acquisition,20,378
970,"Subject matter jurisdiction","Does court have power over IPTV cases?",legal_issues,54,1012
971,"Graceful degradation","Degrading service gracefully?",hosting_infrastructure,27,489
972,"Exclusive limited releases","Using exclusivity to drive demand?",reselling_business,36,667
973,"Return-oriented programming","ROP chain exploitation techniques",malware_tools,23,423
974,"Shopping cart racing","Shopping cart racing content",content_acquisition,18,334
975,"Standing to sue requirements","Who can sue me for IPTV?",legal_issues,62,1178
976,"Timeout and deadline handling","Proper timeout handling in IPTV?",hosting_infrastructure,24,445
977,"Early bird specials effectiveness","Limited early pricing working?",reselling_business,33,601
978,"Heap spraying techniques","Heap spraying for exploitation",malware_tools,21,389
979,"Outhouse racing events","Outhouse racing bizarre sport",content_acquisition,17,312
980,"Ripeness doctrine application","Is case ready for adjudication?",legal_issues,49,923
981,"Distributed tracing setup","Implementing distributed tracing?",hosting_infrastructure,28,512
982,"Flash sale psychology","Psychology behind flash sales?",reselling_business,39,723
983,"JIT spraying attacks","JavaScript JIT spraying",malware_tools,19,356
984,"Bathtub racing competitions","Bathtub racing water sport",content_acquisition,19,356
985,"Mootness doctrine","Can case become moot for IPTV?",legal_issues,56,1067
986,"Structured logging benefits","Benefits of structured logs?",hosting_infrastructure,23,423
987,"Limited quantity tactics","Showing limited inventory to drive sales?",reselling_business,41,756
988,"Side-channel attacks","Timing and cache side-channels",malware_tools,22,401
989,"Coffin racing Halloween","Coffin racing Halloween events",content_acquisition,18,334
990,"Justiciability questions","Is IPTV case appropriate for courts?",legal_issues,51,967
991,"Correlation IDs in logs","Using correlation IDs for tracing?",hosting_infrastructure,26,478
992,"Countdown timers effectiveness","Do countdown timers increase conversions?",reselling_business,35,645
993,"Spectre exploitation","Spectre speculative execution attacks",malware_tools,24,445
994,"Cardboard boat racing","Cardboard boat races engineering",content_acquisition,20,378
995,"Case or controversy requirement","Does real controversy exist for suit?",legal_issues,58,1089
996,"Log aggregation setup","Centralizing logs from IPTV servers?",hosting_infrastructure,25,456
997,"Exit-intent popups","Using exit popups to retain customers?",reselling_business,34,623
998,"Meltdown exploitation","Meltdown CPU vulnerability exploitation",malware_tools,23,423
999,"Pumpkin boat racing","Giant pumpkin boat racing",content_acquisition,19,356
1000,"Advisory opinion restrictions","Courts won't give advisory opinions?",legal_issues,47,867
1001,"Metrics and monitoring stack","Building comprehensive monitoring?",hosting_infrastructure,29,534
1002,"Personalization in pricing","Showing different prices to users?",reselling_business,38,701
1003,"Rowhammer attacks","Rowhammer DRAM exploitation",malware_tools,20,378
1004,"Tractor pulling competitions","Tractor pulling motor sport",content_acquisition,22,401
1005,"Political question doctrine","Are IPTV questions political?",legal_issues,44,812
1006,"Alert fatigue management","Reducing false positive alerts?",hosting_infrastructure,22,401
1007,"Dynamic pricing based on demand","Raising prices during high demand?",reselling_business,42,778
1008,"Foreshadow attacks","Foreshadow SGX attacks",malware_tools,19,356
1009,"Demolition derby streams","Demolition derby destruction",content_acquisition,24,445
1010,"Eleventh Amendment immunity","State immunity in IPTV cases?",legal_issues,63,1198
1011,"On-call rotation setup","Setting up on-call for IPTV?",hosting_infrastructure,24,445
1012,"Surge pricing acceptance","Do customers accept surge pricing?",reselling_business,32,589
1013,"ZombieLoad exploitation","ZombieLoad data leakage",malware_tools,18,334
1014,"Monster truck shows","Monster truck rallies streaming",content_acquisition,26,478
1015,"Sovereign immunity challenges","Can sovereign immunity block suits?",legal_issues,69,1334
1016,"Incident response procedures","Handling IPTV outages?",hosting_infrastructure,27,489
1017,"Peak pricing strategies","Charging more during peak times?",reselling_business,37,689
1018,"RIDL attacks","RIDL microarchitectural attacks",malware_tools,21,389
1019,"Mud bogging events","Mud bogging truck sport",content_acquisition,23,423
1020,"Qualified immunity for officials","Do officials have immunity?",legal_issues,57,1089
1021,"Postmortem culture","Learning from IPTV incidents?",hosting_infrastructure,25,456
1022,"Time-based pricing tiers","Different prices for different times?",reselling_business,36,667
1023,"Fallout exploitation","Fallout memory corruption",malware_tools,20,378
1024,"Swamp buggy racing","Swamp buggy Florida sport",content_acquisition,21,389
1025,"Absolute immunity doctrine","When does absolute immunity apply?",legal_issues,61,1156
1026,"Runbook documentation","Documenting IPTV operations?",hosting_infrastructure,23,423
1027,"Segmented pricing strategy","Different prices for different segments?",reselling_business,39,723
1028,"MDS attacks","Microarchitectural Data Sampling",malware_tools,22,401
1029,"Beer pong tournaments","Beer pong championship streams",content_acquisition,18,334
1030,"Declaratory judgment actions","Seeking declaration of rights?",legal_issues,54,1012
1031,"Chaos monkey for testing","Netflix-style chaos testing for IPTV?",hosting_infrastructure,26,478
1032,"Subscription fatigue combating","Addressing customer subscription burnout?",reselling_business,33,601
1033,"Cloak and dagger attacks","Android tapjacking exploitation",malware_tools,19,356
1034,"Air guitar competitions","Air guitar world championships",content_acquisition,17,312
1035,"Injunction defense strategies","Defending against preliminary injunctions?",legal_issues,68,1312
1036,"Blue-green database migrations","Zero-downtime DB migrations?",hosting_infrastructure,24,445
1037,"Subscription box psychology","Psychology behind subscription services?",reselling_business,40,734
1038,"Clickjacking attacks","UI redressing exploitation",malware_tools,21,389
1039,"Beard competition streams","Beard growing competitions",content_acquisition,19,356
1040,"Temporary restraining orders","Responding to TROs in IPTV cases?",legal_issues,64,1223
1041,"Feature flag management","Managing feature flags at scale?",hosting_infrastructure,27,489
1042,"Subscription anniversary tactics","Leveraging anniversary for upsells?",reselling_business,35,645
1043,"Overlay attack techniques","Malicious screen overlays",malware_tools,18,334
1044,"Mullet competition streams","Mullet championship content",content_acquisition,18,334
1045,"Preliminary injunction standards","What standard for PI in copyright?",legal_issues,71,1367
1046,"Dark launches for features","Testing features in production secretly?",hosting_infrastructure,23,423
1047,"Win-back email sequences","Automated win-back campaigns?",reselling_business,38,701
1048,"Task hijacking exploits","Android task hijacking attacks",malware_tools,20,378
1049,"Mustache growing contests","Mustache competitions streaming",content_acquisition,17,312
1050,"Permanent injunction likelihood","Will court grant permanent injunction?",legal_issues,66,1267
1051,"A/B testing infrastructure","Building A/B test framework?",hosting_infrastructure,29,534
1052,"Customer reactivation offers","What offers reactivate churned users?",reselling_business,36,667
1053,"Accessibility clickjacking","Exploiting accessibility features",malware_tools,19,356
1054,"Tattoo competitions","Tattoo artist competitions streams",content_acquisition,22,401
1055,"Contemptuous conduct purging","Purging contempt after compliance?",legal_issues,48,889
1056,"Split testing best practices","Statistical significance in A/B tests?",hosting_infrastructure,25,456
1057,"Dunning management strategy","Managing failed payment recovery?",reselling_business,42,778
1058,"Notification listener hijacking","Intercepting notification content",malware_tools,22,401
1059,"Body painting competitions","Body art competition streams",content_acquisition,20,378
1060,"Class action exposure","Risk of class action for IPTV?",legal_issues,77,1489
1061,"Experimentation platform","Building experimentation infrastructure?",hosting_infrastructure,28,512
1062,"Payment retry logic","Optimizing payment retry timing?",reselling_business,32,589
1063,"Evil maid attacks","Physical access exploitation",malware_tools,17,312
1064,"Sand sculpture contests","Sand castle competition streams",content_acquisition,21,389
1065,"Class certification requirements","What's needed for class certification?",legal_issues,69,1334
1066,"Multi-armed bandit algorithms","Using MAB for optimization?",hosting_infrastructure,24,445
1067,"Voluntary churn vs involuntary","Distinguishing churn types?",reselling_business,34,623
1068,"Cold boot attacks","Exploiting RAM after power loss",malware_tools,21,389
1069,"Ice sculpture competitions","Ice carving championship streams",content_acquisition,20,378
1070,"Opt-out class action","Can I be forced into class action?",legal_issues,63,1198
1071,"Thompson sampling implementation","Bayesian optimization for IPTV?",hosting_infrastructure,26,478
1072,"Customer health scoring","Scoring customer health to predict churn?",reselling_business,39,723
1073,"Juice jacking attacks","Compromising via charging stations",malware_tools,19,356
1074,"Pumpkin carving contests","Pumpkin carving competitions",content_acquisition,19,356
1075,"Settlement class certification","Difference in settlement vs litigation class?",legal_issues,58,1089
1076,"Epsilon-greedy algorithms","Exploration vs exploitation in IPTV?",hosting_infrastructure,22,401
1077,"Net revenue retention tracking","Measuring expansion revenue?",reselling_business,37,689
1078,"BadUSB attacks","USB firmware exploitation",malware_tools,20,378
1079,"Gingerbread house competitions","Gingerbread building contests",content_acquisition,18,334
1080,"Rule 23 requirements","Federal Rule 23 class action requirements?",legal_issues,72,1389
1081,"Contextual bandit problems","Personalization with bandits?",hosting_infrastructure,27,489
1082,"Dollar retention rate","Calculating net dollar retention?",reselling_business,33,601
1083,"Rubber ducky attacks","HID attack exploitation",malware_tools,18,334
1084,"Soap box derby races","Gravity-powered racing streams",content_acquisition,22,401
1085,"Commonality in class actions","Proving commonality in IPTV class action?",legal_issues,67,1289
1086,"Upper confidence bound","UCB algorithms for recommendations?",hosting_infrastructure,25,456
1087,"Quick ratio for SaaS","Measuring growth efficiency?",reselling_business,40,734
1088,"USB Killer devices","Destructive USB attacks",malware_tools,17,312
1089,"Pinewood derby racing","Cub Scout racing content",content_acquisition,20,378
1090,"Typicality requirement","Representative plaintiff requirements?",legal_issues,61,1156
1091,"Bayesian A/B testing","Bayesian approach to experimentation?",hosting_infrastructure,28,512
1092,"Magic number SaaS","Sales efficiency magic number?",reselling_business,35,645
1093,"Evil twin attacks","Rogue WiFi access points",malware_tools,22,401
1094,"Lego building competitions","Lego speed building contests",content_acquisition,21,389
1095,"Adequacy of representation","Can plaintiff adequately represent class?",legal_issues,74,1434
1096,"Incremental updates strategy","Shipping small frequent updates?",hosting_infrastructure,23,423
1097,"Rule of 40 metric","Growth plus profitability metric?",reselling_business,38,701
1098,"Karma attacks","WiFi de-authentication attacks",malware_tools,19,356
1099,"Cupcake decorating contests","Cupcake wars style content",content_acquisition,20,378
1100,"Numerosity requirement","How many needed for class action?",legal_issues,56,1067
1101,"Trunk-based development","Continuous integration strategy?",hosting_infrastructure,26,478
1102,"Bessemer Cloud Index","Benchmarking against BCI?",reselling_business,32,589
1103,"KRACK attacks","WPA2 protocol vulnerabilities",malware_tools,21,389
1104,"Cookie decorating contests","Cookie art competitions",content_acquisition,19,356
1105,"Superiority of class action","Why class action superior to individual?",legal_issues,68,1312
1106,"GitOps for infrastructure","Infrastructure as code via Git?",hosting_infrastructure,29,534
1107,"T2D3 growth trajectory","Triple triple double double growth?",reselling_business,41,756
1108,"PMKID attacks","WiFi password cracking",malware_tools,20,378
1109,"Cake decorating shows","Professional cake decorating",content_acquisition,24,445
1110,"Manageability of class","Is class too large to manage?",legal_issues,62,1178
1111,"Progressive delivery patterns","Feature rollout strategies?",hosting_infrastructure,24,445
1112,"Venture scale economics","Building venture-scale business?",reselling_business,36,667
1113,"Wireless deauth attacks","Disconnecting WiFi clients",malware_tools,18,334
1114,"Flower arranging competitions","Floral design contests",content_acquisition,20,378
1115,"Bifurcation of class trial","Splitting liability and damages?",legal_issues,59,1123
1116,"Service mesh adoption","When to adopt service mesh?",hosting_infrastructure,27,489
1117,"Burn multiple calculation","Cash burn vs runway?",reselling_business,34,623
1118,"Rogue DHCP servers","Malicious DHCP exploitation",malware_tools,19,356
1119,"Origami competitions","Paper folding championships",content_acquisition,19,356
1120,"Damages calculation class action","How are damages calculated in class?",legal_issues,73,1412
1121,"Observability vs monitoring","Difference and benefits?",hosting_infrastructure,25,456
1122,"Unit economics analysis","CAC payback and LTV:CAC?",reselling_business,39,723
1123,"ARP spoofing attacks","Man-in-the-middle via ARP",malware_tools,21,389
1124,"Quilting competitions","Quilt making contests",content_acquisition,18,334
1125,"Cy pres settlements","Distributing unclaimed class funds?",legal_issues,64,1223
1126,"OpenTelemetry implementation","Standardized observability?",hosting_infrastructure,28,512
1127,"SaaS metrics dashboard","Key metrics to track?",reselling_business,35,645
1128,"MAC flooding attacks","Switch table overflow attacks",malware_tools,19,356
1129,"Knitting competitions","Speed knitting contests",content_acquisition,17,312
1130,"Objectors to class settlements","Handling settlement objections?",legal_issues,55,1034
1131,"Distributed tracing adoption","Jaeger vs Zipkin comparison?",hosting_infrastructure,26,478
1132,"North Star metric selection","Choosing right NSM for IPTV?",reselling_business,37,689
1133,"VLAN hopping attacks","Breaking VLAN isolation",malware_tools,20,378
1134,"Crochet competitions","Crochet speed contests",content_acquisition,18,334
1135,"Fairness hearing procedures","What happens at fairness hearing?",legal_issues,68,1312
1136,"Log sampling strategies","Sampling vs full logging?",hosting_infrastructure,23,423
1137,"Pirate metrics framework","AARRR funnel analysis?",reselling_business,40,734
1138,"STP attacks","Spanning tree manipulation",malware_tools,18,334
1139,"Cross-stitch competitions","Cross-stitching contests",content_acquisition,17,312
1140,"Attorney fees in class actions","How are attorney fees calculated?",legal_issues,71,1367
1141,"Tail latency optimization","Reducing P99 latency?",hosting_infrastructure,29,534
1142,"Cohort-based analytics","Analyzing user cohorts?",reselling_business,33,601
1143,"CDP flooding attacks","Cisco Discovery Protocol exploits",malware_tools,19,356
1144,"Needlepoint competitions","Needlepoint art contests",content_acquisition,16,298
1145,"Lodestar method fees","Calculating attorney fees via lodestar?",legal_issues,57,1089
1146,"Percentile aggregation","Aggregating percentile metrics?",hosting_infrastructure,24,445
1147,"Engagement metrics tracking","Measuring user engagement properly?",reselling_business,38,701
1148,"DTP attacks","Dynamic Trunking Protocol exploits",malware_tools,20,378
1149,"Macrame competitions","Macrame art contests",content_acquisition,18,334
1150,"Common fund doctrine","Attorney fees from common fund?",legal_issues,64,1223
1151,"Cardinality explosion problems","High cardinality metrics issues?",hosting_infrastructure,27,489
1152,"Stickiness ratio calculation","DAU/MAU stickiness?",reselling_business,32,589
1153,"VTP attacks","VLAN Trunking Protocol exploits",malware_tools,19,356
1154,"Embroidery machine competitions","Machine embroidery contests",content_acquisition,19,356
1155,"Fee shifting provisions","When do losers pay winners' fees?",legal_issues,62,1178
1156,"Time series database selection","Prometheus vs InfluxDB vs TimescaleDB?",hosting_infrastructure,28,512
1157,"Product-market fit signals","How to know you've achieved PMF?",reselling_business,41,756
1158,"HSRP attacks","Hot Standby Router Protocol exploits",malware_tools,18,334
1159,"Weaving loom competitions","Weaving contests content",content_acquisition,17,312
1160,"American Rule exceptions","When does loser pay in US?",legal_issues,59,1123
1161,"Metrics aggregation strategies","Roll-up strategies for metrics?",hosting_infrastructure,25,456
1162,"Growth accounting framework","Breaking down growth components?",reselling_business,36,667
1163,"VRRP attacks","Virtual Router Redundancy exploits",malware_tools,19,356
1164,"Spinning wheel competitions","Yarn spinning contests",content_acquisition,18,334
1165,"Catalyst for fees","What triggers fee shifting?",legal_issues,66,1267
1166,"Counter metrics patterns","Handling counter resets?",hosting_infrastructure,23,423
1167,"Retention curve analysis","Understanding retention patterns?",reselling_business,34,623
1168,"GLBP attacks","Gateway Load Balancing exploits",malware_tools,20,378
1169,"Tapestry weaving contests","Tapestry art competitions",content_acquisition,19,356
1170,"Prevailing party determination","Who is prevailing party?",legal_issues,71,1367
1171,"Histogram metrics usage","When to use histograms?",hosting_infrastructure,26,478
1172,"Power user curve analysis","Smile vs frown curves?",reselling_business,37,689
1173,"OSPF attacks","Open Shortest Path First exploits",malware_tools,18,334
1174,"Rug hooking competitions","Rug hooking art contests",content_acquisition,18,334
1175,"Substantial litigation test","Catalyst or substantial litigation?",legal_issues,54,1012
1176,"Summary metrics computation","Computing summaries efficiently?",hosting_infrastructure,24,445
1177,"Habit formation products","Building habit-forming IPTV?",reselling_business,39,723
1178,"EIGRP attacks","Enhanced Interior Gateway exploits",malware_tools,19,356
1179,"Batik making competitions","Batik textile art contests",content_acquisition,20,378
1180,"Degree of success factor","Partial success fee calculation?",legal_issues,68,1312
1181,"Quantile estimation algorithms","Estimating quantiles at scale?",hosting_infrastructure,27,489
1182,"Hook model application","Trigger action variable reward?",reselling_business,35,645
1183,"BGP hijacking attacks","Border Gateway Protocol hijacking",malware_tools,22,401
1184,"Tie-dye competitions","Tie-dye art contests",content_acquisition,19,356
1185,"Hours reasonably expended","Determining reasonable attorney hours?",legal_issues,63,1198
1186,"Gauge metrics handling","Tracking gauge metrics?",hosting_infrastructure,22,401
1187,"Behavioral economics in products","Using nudges effectively?",reselling_business,40,734
1188,"Route poisoning attacks","Routing protocol poisoning",malware_tools,20,378
1189,"Batik painting contests","Batik painting competitions",content_acquisition,18,334
1190,"Reasonable hourly rate","What's reasonable rate for attorneys?",legal_issues,58,1089
1191,"Metric namespacing conventions","Naming metrics properly?",hosting_infrastructure,25,456
1192,"Choice architecture design","Designing choices to nudge users?",reselling_business,33,601
1193,"Smurf attacks","ICMP flood amplification",malware_tools,19,356
1194,"Fabric painting competitions","Textile painting contests",content_acquisition,19,356
1195,"Lodestar multiplier application","Enhancing or reducing fees?",legal_issues,72,1389
1196,"Metric retention policies","How long to keep metrics?",hosting_infrastructure,28,512
1197,"Default effect exploitation","Using defaults strategically?",reselling_business,38,701
1198,"Fraggle attacks","UDP flood amplification",malware_tools,18,334
1199,"Silk screening contests","Screen printing competitions",content_acquisition,20,378
1200,"Johnson factors consideration","12 factors for fee awards?",legal_issues,67,1289
1201,"Downsampling strategies","Reducing metric resolution?",hosting_infrastructure,24,445
1202,"Framing effects usage","Framing options to influence choice?",reselling_business,36,667
1203,"Ping of death attacks","Oversized ICMP packets",malware_tools,17,312
1204,"Block printing competitions","Woodblock printing contests",content_acquisition,19,356
1205,"Risk multiplier application","Increasing fees for risk?",legal_issues,61,1156
1206,"Metric cardinality limits","Preventing cardinality explosions?",hosting_infrastructure,26,478
1207,"Mental accounting exploitation","Using mental accounting principles?",reselling_business,34,623
1208,"Land attacks","TCP self-connect exploits",malware_tools,18,334
1209,"Lithography art contests","Printmaking competitions",content_acquisition,18,334
1210,"Kerr factors for fees","State fee award factors?",legal_issues,56,1067
1211,"Recording rules creation","Pre-computing expensive queries?",hosting_infrastructure,27,489
1212,"Sunk cost effect usage","Leveraging sunk costs in retention?",reselling_business,37,689
1213,"Teardrop attacks","IP fragment reassembly exploits",malware_tools,19,356
1214,"Etching art competitions","Metal etching contests",content_acquisition,19,356
1215,"Quality of representation factor","Quality affecting fee amount?",legal_issues,69,1334
1216,"Alert rule optimization","Writing effective alert rules?",hosting_infrastructure,23,423
1217,"Decoy effect in pricing","Adding decoy to shift preference?",reselling_business,39,723
1218,"Bonk attacks","Protocol implementation bugs",malware_tools,17,312
1219,"Engraving competitions","Engraving art contests",content_acquisition,18,334
1220,"Results obtained factor","Fee based on outcome achieved?",legal_issues,64,1223
1221,"SLO definition process","Defining service level objectives?",hosting_infrastructure,29,534
1222,"Compromise effect usage","Middle option preference exploitation?",reselling_business,32,589
1223,"Nestea attacks","TCP state machine exploits",malware_tools,18,334
1224,"Calligraphy competitions","Artistic writing contests",content_acquisition,21,389
1225,"Time and labor factor","Effort affecting fee calculation?",legal_issues,71,1367
1226,"Error budget tracking","Managing error budgets?",hosting_infrastructure,25,456
1227,"Zero-price effect exploitation","Free tier psychology?",reselling_business,40,734
1228,"WinNuke attacks","Windows out-of-band data exploits",malware_tools,17,312
1229,"Illuminated manuscript contests","Medieval art competitions",content_acquisition,19,356
1230,"Novelty and difficulty factor","Complexity affecting fees?",legal_issues,58,1089
1231,"SLI selection criteria","Choosing right service level indicators?",hosting_infrastructure,24,445
1232,"Price-quality inference","High price signaling quality?",reselling_business,35,645
1233,"Winnuke modern variants","Updated Windows exploits",malware_tools,18,334
1234,"Lettering competitions","Hand lettering contests",content_acquisition,20,378
1235,"Skill factor attorney fees","Skill affecting compensation?",legal_issues,63,1198
1236,"Burn rate monitoring","Tracking SLO burn rate?",hosting_infrastructure,26,478
1237,"Unit price bias usage","Showing per-unit costs strategically?",reselling_business,33,601
1238,"Jolt2 attacks","Windows ICMP exploits",malware_tools,17,312
1239,"Typography competitions","Type design contests",content_acquisition,19,356
1240,"Preclusion of other employment","Opportunity cost in fees?",legal_issues,68,1312
1241,"Multi-window alerting","Alert windows for SLOs?",hosting_infrastructure,27,489
1242,"Price bundling psychology","Bundle perception vs individual?",reselling_business,38,701
1243,"SYN flood attacks","TCP connection exhaustion",malware_tools,21,389
1244,"Penmanship competitions","Handwriting contests content",content_acquisition,18,334
1245,"Nature and length factor","Duration affecting fees?",legal_issues,62,1178
1246,"Toil reduction strategies","Automating operational work?",hosting_infrastructure,28,512
1247,"Payment framing effects","Cash discount vs card surcharge?",reselling_business,36,667
1248,"ACK flood attacks","TCP acknowledgment flooding",malware_tools,19,356
1249,"Fountain pen competitions","Fountain pen collecting shows",content_acquisition,19,356
1250,"Amount involved factor","Stakes affecting fee awards?",legal_issues,66,1267
1251,"Runbook automation","Automating incident response?",hosting_infrastructure,25,456
1252,"Temporal reframing","Yearly vs monthly pricing perception?",reselling_business,34,623
1253,"RST flood attacks","TCP reset flooding",malware_tools,18,334
1254,"Pencil art competitions","Graphite drawing contests",content_acquisition,21,389
1255,"Experience and reputation factor","Prestige affecting fees?",legal_issues,72,1389
1256,"Chaos engineering practices","Breaking things on purpose?",hosting_infrastructure,29,534
1257,"Payment timing psychology","Prepay vs postpay preferences?",reselling_business,37,689
1258,"FIN flood attacks","TCP connection termination floods",malware_tools,19,356
1259,"Charcoal drawing contests","Charcoal art competitions",content_acquisition,20,378
1260,"Undesirability of case factor","Unpopular case affecting fees?",legal_issues,59,1123
1261,"Fault injection testing","Simulating failures deliberately?",hosting_infrastructure,24,445
1262,"Transaction decoupling","Separating payment from consumption?",reselling_business,39,723
1263,"UDP flood attacks","User Datagram Protocol flooding",malware_tools,20,378
1264,"Pastel art competitions","Pastel drawing contests",content_acquisition,19,356
1265,"Awards in similar cases factor","Comparability in fee setting?",legal_issues,69,1334
1266,"Game days for reliability","Practicing incident response?",hosting_infrastructure,27,489
1267,"Pain of payment reduction","Making payment less painful?",reselling_business,32,589
1268,"ICMP flood attacks","Internet Control Message floods",malware_tools,19,356
1269,"Conte crayon competitions","Conte drawing contests",content_acquisition,18,334
1270,"Relationship with client factor","Client relationship affecting fees?",legal_issues,54,1012
1271,"Disaster recovery testing","Testing DR plans regularly?",hosting_infrastructure,26,478
1272,"Pennies-a-day effect","Reframing to small daily amounts?",reselling_business,40,734
1273,"HTTP flood attacks","Application layer DDoS",malware_tools,22,401
1274,"Sanguine drawing contests","Red chalk drawing competitions",content_acquisition,18,334
1275,"Contingency nature factor","Contingency fee affecting award?",legal_issues,71,1367
1276,"War gaming scenarios","Role-playing incident scenarios?",hosting_infrastructure,25,456
1277,"Flat-rate bias exploitation","All-you-can-eat preference?",reselling_business,35,645
1278,"Slowloris attacks","Slow HTTP request DDoS",malware_tools,21,389
1279,"Silverpoint drawing contests","Silver stylus art competitions",content_acquisition,17,312
1280,"Public policy factor fees","Public interest affecting fees?",legal_issues,63,1198
1281,"Wheel of misfortune","Random incident scenario practice?",hosting_infrastructure,28,512
1282,"Subscription payment framing","Monthly fee vs annual savings?",reselling_business,38,701
1283,"R.U.D.Y. attacks","Slow POST request attacks",malware_tools,20,378
1284,"Ink wash painting contests","Sumi-e competitions",content_acquisition,20,378
1285,"Professional standing factor","Reputation in fee calculation?",legal_issues,67,1289
1286,"Production readiness reviews","Assessing service reliability?",hosting_infrastructure,24,445
1287,"Shipping and handling framing","Separate vs included perception?",reselling_business,33,601
1288,"Sockstress attacks","TCP connection state exhaustion",malware_tools,19,356
1289,"Gouache painting competitions","Opaque watercolor contests",content_acquisition,19,356
1290,"Forum where practicing factor","Local rates consideration?",legal_issues,58,1089
1291,"Launch reviews process","Pre-launch reliability checks?",hosting_infrastructure,27,489
1292,"Drip pricing psychology","Adding fees incrementally?",reselling_business,36,667
1293,"Slow read attacks","Slow response reading DDoS",malware_tools,19,356
1294,"Tempera painting contests","Egg tempera competitions",content_acquisition,18,334
1295,"Customary fee factor","Market rate consideration?",legal_issues,62,1178
1296,"Blameless postmortems","Learning without blame?",hosting_infrastructure,29,534
1297,"Partitioned pricing","Breaking price into components?",reselling_business,37,689
1298,"Range requests abuse","Partial content request floods",malware_tools,20,378
1299,"Fresco painting competitions","Wall painting contests",content_acquisition,19,356
1300,"Fixed vs contingent comparison","Fee arrangement affecting award?",legal_issues,68,1312
1301,"Incident command system","Structuring incident response roles?",hosting_infrastructure,25,456
1302,"Price appearance effects","$99 vs $100 perception differences?",reselling_business,34,623
1303,"Fragmentation attacks","IP fragmentation exploits",malware_tools,19,356
1304,"Encaustic painting contests","Hot wax painting competitions",content_acquisition,18,334
1305,"Settlement inducement factor","Facilitating settlement via fees?",legal_issues,64,1223
1306,"On-call handoff procedures","Smooth shift transitions?",hosting_infrastructure,26,478
1307,"Left-digit effect usage","$9.99 vs $10 psychological gap?",reselling_business,39,723
1308,"IP spoofing attacks","Source address falsification",malware_tools,21,389
1309,"Alla prima painting contests","Wet-on-wet technique competitions",content_acquisition,19,356
1310,"Client sophistication factor","Client knowledge affecting fees?",legal_issues,71,1367
1311,"Escalation procedures","When to escalate incidents?",hosting_infrastructure,24,445
1312,"Precision effect pricing","More precise prices seem lower?",reselling_business,32,589
1313,"Session hijacking attacks","Stealing active sessions",malware_tools,22,401
1314,"Glazing technique contests","Transparent layer painting comps",content_acquisition,18,334
1315,"Benefit to class factor","Class benefit in fee calculation?",legal_issues,59,1123
1316,"Incident severity levels","Defining severity tiers?",hosting_infrastructure,27,489
1317,"Center-stage effect","Middle options get more attention?",reselling_business,40,734
1318,"Cookie hijacking exploits","Stealing authentication cookies",malware_tools,20,378
1319,"Scumbling technique contests","Opaque layer technique competitions",content_acquisition,17,312
1320,"Market rate geographic factor","Location affecting fee rates?",legal_issues,66,1267
1321,"Communication during incidents","Stakeholder communication plans?",hosting_infrastructure,25,456
1322,"Price-ending effects","Different endings ($9.99 vs $9.97)?",reselling_business,35,645
1323,"Man-in-the-browser attacks","Browser-level interception",malware_tools,21,389
1324,"Impasto technique contests","Thick paint application comps",content_acquisition,19,356
1325,"Results actually obtained factor","Concrete results in fee setting?",legal_issues,73,1412
1326,"Status pages best practices","Communicating outages effectively?",hosting_infrastructure,28,512
1327,"Price comparison difficulty","Making comparisons harder?",reselling_business,33,601
1328,"Man-in-the-middle attacks","Network interception exploits",malware_tools,23,423
1329,"Chiaroscuro technique contests","Light-dark contrast competitions",content_acquisition,20,378
1330,"Fee petition procedures","How to petition for fees?",legal_issues,61,1156
1331,"Incident retrospectives","Learning from incidents effectively?",hosting_infrastructure,26,478
1332,"Willingness-to-pay estimation","Determining customer WTP?",reselling_business,38,701
1333,"SSL stripping attacks","Downgrade to HTTP attacks",malware_tools,22,401
1334,"Sfumato technique contests","Soft transition technique comps",content_acquisition,19,356
1335,"Supporting documentation requirements","What docs needed for fee petition?",legal_issues,68,1312
1336,"Action items tracking","Following up on incident actions?",hosting_infrastructure,24,445
1337,"Price discrimination strategies","First vs third-degree discrimination?",reselling_business,36,667
1338,"DNS spoofing attacks","False DNS response injection",malware_tools,21,389
1339,"Tenebrism technique contests","Dramatic lighting competitions",content_acquisition,19,356
1340,"Reasonableness hearing procedures","Contesting fee awards in court?",legal_issues,72,1389
1341,"Kubernetes pod security","Securing IPTV pods properly?",hosting_infrastructure,23,423
1342,"Razor-and-blades model","Selling device cheap then subscriptions?",reselling_business,41,756
1343,"Cache poisoning attacks","Poisoning DNS and web caches",malware_tools,22,401
1344,"Pointillism technique contests","Dot painting competitions",content_acquisition,19,356
1345,"Fee petition opposition","Opposing party contesting fees?",legal_issues,65,1245
1346,"Network policy enforcement","Enforcing network segmentation?",hosting_infrastructure,26,478
1347,"Tiered storage strategy","Hot warm cold data strategy?",reselling_business,33,601
1348,"BGP route hijacking","Stealing IP address blocks",malware_tools,23,423
1349,"Divisionism painting contests","Color theory painting comps",content_acquisition,18,334
1350,"Appellate review of fees","Can fee awards be appealed?",legal_issues,69,1334
1351,"Pod disruption budgets","Managing disruptions in K8s?",hosting_infrastructure,24,445
1352,"Perpetual license model","One-time purchase for lifetime?",reselling_business,36,667
1353,"DNS amplification attacks","Amplified DDoS via DNS",malware_tools,21,389
1354,"Impressionism technique contests","Quick brushstroke competitions",content_acquisition,20,378
1355,"Cross-appeal on fees","Appealing while defending award?",legal_issues,57,1089
1356,"Horizontal pod autoscaling","Auto-scaling pods based on load?",hosting_infrastructure,28,512
1357,"Consumption-based pricing","Pay per use model for IPTV?",reselling_business,39,723
1358,"NTP amplification attacks","Time protocol DDoS attacks",malware_tools,20,378
1359,"Post-impressionism contests","Van Gogh style competitions",content_acquisition,19,356
1360,"Remittitur of fee award","Reducing excessive fee awards?",legal_issues,63,1198
1361,"Vertical pod autoscaling","Auto-adjusting resource limits?",hosting_infrastructure,25,456
1362,"Feature-based pricing","Pricing by features enabled?",reselling_business,34,623
1363,"SNMP amplification attacks","Network protocol DDoS",malware_tools,19,356
1364,"Expressionism painting contests","Emotional art competitions",content_acquisition,21,389
1365,"Additur of fees","Increasing inadequate fee awards?",legal_issues,61,1156
1366,"Cluster autoscaling","Scaling nodes automatically?",hosting_infrastructure,27,489
1367,"User-based pricing","Pricing per user account?",reselling_business,37,689
1368,"CharGEN amplification","Character Generator protocol DDoS",malware_tools,18,334
1369,"Fauvism style contests","Wild beast color competitions",content_acquisition,18,334
1370,"Standards of review fees","Abuse of discretion standard?",legal_issues,71,1367
1371,"Resource quotas management","Limiting resource usage per namespace?",hosting_infrastructure,24,445
1372,"Transaction-based pricing","Charging per transaction?",reselling_business,32,589
1373,"SSDP amplification attacks","UPnP protocol DDoS attacks",malware_tools,21,389
1374,"Cubism painting contests","Geometric abstraction competitions",content_acquisition,20,378
1375,"De novo review when","When is review de novo for fees?",legal_issues,66,1267
1376,"Limit ranges configuration","Setting default resource limits?",hosting_infrastructure,26,478
1377,"Outcome-based pricing","Pricing tied to results?",reselling_business,40,734
1378,"Memcached amplification","Key-value store DDoS attacks",malware_tools,22,401
1379,"Abstract expressionism contests","Non-representational art competitions",content_acquisition,19,356
1380,"Clear error standard","Clear error review for fee findings?",legal_issues,58,1089
1381,"StatefulSet management","Managing stateful applications?",hosting_infrastructure,28,512
1382,"Performance-based pricing","Discounts based on performance?",reselling_business,35,645
1383,"CLDAP amplification attacks","LDAP connectionless DDoS",malware_tools,20,378
1384,"Surrealism painting contests","Dream-like art competitions",content_acquisition,22,401
1385,"Clearly erroneous findings","Overturning factual findings?",legal_issues,72,1389
1386,"DaemonSet deployment","Running pod on every node?",hosting_infrastructure,23,423
1387,"Geographic pricing differences","Charging different by location?",reselling_business,38,701
1388,"WS-Discovery amplification","Web Services protocol DDoS",malware_tools,19,356
1389,"Dadaism art contests","Anti-art movement competitions",content_acquisition,18,334
1390,"Manifest error rule","Obviousness required for reversal?",legal_issues,64,1223
1391,"Job and CronJob patterns","Batch workloads in Kubernetes?",hosting_infrastructure,27,489
1392,"Demographic-based pricing","Pricing by customer demographics?",reselling_business,33,601
1393,"RIPv1 amplification","Routing protocol DDoS attacks",malware_tools,18,334
1394,"Pop art technique contests","Popular culture art competitions",content_acquisition,23,423
1395,"Abuse of discretion defined","What constitutes abuse?",legal_issues,68,1312
1396,"Init containers usage","Pre-startup container tasks?",hosting_infrastructure,24,445
1397,"Time-of-day pricing","Different prices by time?",reselling_business,36,667
1398,"NetBIOS amplification","Windows protocol DDoS attacks",malware_tools,20,378
1399,"Op art optical contests","Optical illusion art competitions",content_acquisition,19,356
1400,"Harmless error doctrine","Error that doesn't affect outcome?",legal_issues,59,1123
1401,"Sidecar container patterns","Helper containers in pods?",hosting_infrastructure,29,534
1402,"Channel-based pricing","Different prices per channel?",reselling_business,39,723
1403,"QOTD amplification attacks","Quote of the Day protocol DDoS",malware_tools,17,312
1404,"Minimalism art contests","Less is more competitions",content_acquisition,20,378
1405,"Plain error rule","Obvious errors affecting rights?",legal_issues,73,1412
1406,"Ambassador container pattern","Proxy container for services?",hosting_infrastructure,25,456
1407,"Partner-based pricing","Different pricing for partners?",reselling_business,34,623
1408,"Portmap amplification","Portmapper protocol DDoS",malware_tools,19,356
1409,"Conceptual art contests","Idea-focused art competitions",content_acquisition,18,334
1410,"Invited error doctrine","Can't complain about own error?",legal_issues,61,1156
1411,"Adapter container pattern","Converting interfaces in pods?",hosting_infrastructure,26,478
1412,"Volume-based discounts","Lower price for more usage?",reselling_business,41,756
1413,"Sentinel amplification attacks","Redis Sentinel DDoS",malware_tools,20,378
1414,"Installation art contests","Environmental art competitions",content_acquisition,21,389
1415,"Forfeiture of errors","Waiving right to appeal error?",legal_issues,67,1289
1416,"Service mesh sidecar","Envoy proxy sidecar pattern?",hosting_infrastructure,27,489
1417,"Commitment-based discounts","Discount for longer commitment?",reselling_business,37,689
1418,"Elasticsearch amplification","Search engine DDoS attacks",malware_tools,21,389
1419,"Performance art documentation","Live art performances streams",content_acquisition,20,378
1420,"Preservation of error","Objecting to preserve appeal rights?",legal_issues,69,1334
1421,"Ingress controller selection","Nginx vs Traefik vs HAProxy?",hosting_infrastructure,28,512
1422,"Early payment discounts","Discount for paying upfront?",reselling_business,32,589
1423,"MongoDB amplification","NoSQL database DDoS attacks",malware_tools,20,378
1424,"Land art documentation","Earthworks and landscape art",content_acquisition,19,356
1425,"Contemporaneous objection rule","Must object when error occurs?",legal_issues,64,1223
1426,"Cert-manager automation","Automated TLS certificate management?",hosting_infrastructure,25,456
1427,"Late payment penalties","Charging extra for late payment?",reselling_business,40,734
1428,"Cassandra amplification","Distributed database DDoS",malware_tools,19,356
1429,"Video art installations","Video-based art exhibitions",content_acquisition,22,401
1430,"Proffer requirement appeals","Making record for appeal?",legal_issues,71,1367
1431,"External DNS automation","Automatic DNS record creation?",hosting_infrastructure,24,445
1432,"Overage charges strategy","Charging for usage over limit?",reselling_business,35,645
1433,"Hadoop amplification attacks","Big data framework DDoS",malware_tools,20,378
1434,"Digital art NFT contests","Blockchain art competitions",content_acquisition,24,445
1435,"Offer of proof requirement","Showing what evidence would prove?",legal_issues,58,1089
1436,"Sealed Secrets management","Encrypting Kubernetes secrets?",hosting_infrastructure,27,489
1437,"Underage credit policy","Giving credit for unused time?",reselling_business,33,601
1438,"Spark amplification attacks","Data processing DDoS",malware_tools,19,356
1439,"Generative AI art contests","AI-created art competitions",content_acquisition,26,478
1440,"Bill of exceptions filing","Formal error record for appeal?",legal_issues,66,1267
1441,"Vault integration K8s","HashiCorp Vault for secrets?",hosting_infrastructure,28,512
1442,"Proration policy design","How to prorate partial periods?",reselling_business,38,701
1443,"Solr amplification attacks","Search platform DDoS",malware_tools,20,378
1444,"ASCII art competitions","Text-based art contests",content_acquisition,18,334
1445,"Notice of appeal timing","How long to file appeal?",legal_issues,72,1389
1446,"External Secrets Operator","Syncing secrets from external sources?",hosting_infrastructure,26,478
1447,"Grace period for payments","Allowing late payment window?",reselling_business,36,667
1448,"CouchDB amplification","Document database DDoS",malware_tools,19,356
1449,"Pixel art competitions","Retro graphics art contests",content_acquisition,21,389
1450,"Jurisdictional amount appeals","Minimum for appeal jurisdiction?",legal_issues,59,1123
1451,"Service mesh observability","Monitoring microservices traffic?",hosting_infrastructure,29,534
1452,"Dunning process optimization","Optimizing failed payment recovery?",reselling_business,39,723
1453,"Jenkins amplification","CI/CD server DDoS attacks",malware_tools,20,378
1454,"Voxel art competitions","3D pixel art contests",content_acquisition,19,356
1455,"Final judgment requirement","Must judgment be final to appeal?",legal_issues,68,1312
1456,"Distributed tracing service mesh","Jaeger with Istio integration?",hosting_infrastructure,25,456
1457,"Reactivation fee justification","Charging to reactivate account?",reselling_business,34,623
1458,"GitLab amplification attacks","Version control DDoS",malware_tools,19,356
1459,"Glitch art competitions","Digital error aesthetics contests",content_acquisition,20,378
1460,"Interlocutory appeal availability","Appealing before final judgment?",legal_issues,63,1198
1461,"Circuit breaker in mesh","Preventing cascade failures?",hosting_infrastructure,27,489
1462,"Setup fee strategies","One-time setup charge rationale?",reselling_business,37,689
1463,"Docker Registry amplification","Container registry DDoS",malware_tools,20,378
1464,"Databending art contests","Data corruption art competitions",content_acquisition,18,334
1465,"Collateral order doctrine","Exceptional interlocutory appeals?",legal_issues,71,1367
1466,"Retry budgets implementation","Limiting retry impact?",hosting_infrastructure,24,445
1467,"Cancellation fee policy","Charging for early cancellation?",reselling_business,40,734
1468,"Kubernetes API amplification","K8s control plane DDoS",malware_tools,21,389
1469,"Steganography art contests","Hidden image art competitions",content_acquisition,19,356
1470,"Cohen factors for stays","Staying judgment pending appeal?",legal_issues,64,1223
1471,"Traffic splitting strategies","Canary and blue-green deployments?",hosting_infrastructure,28,512
1472,"Downgrade fee rationale","Charging to downgrade plan?",reselling_business,32,589
1473,"Prometheus server amplification","Monitoring system DDoS",malware_tools,20,378
1474,"Algorithmic art contests","Code-generated art competitions",content_acquisition,22,401
1475,"Supersedeas bond requirement","Bond to stay judgment?",legal_issues,69,1334
1476,"Fault injection service mesh","Chaos testing in production?",hosting_infrastructure,26,478
1477,"Account transfer fee","Charging to transfer ownership?",reselling_business,35,645
1478,"Grafana amplification attacks","Dashboard system DDoS",malware_tools,19,356
1479,"Fractal art competitions","Mathematical art contests",content_acquisition,20,378
1480,"Discretionary stay factors","When will court stay?",legal_issues,58,1089
1481,"Mutual TLS enforcement","Requiring mTLS between services?",hosting_infrastructure,29,534
1482,"API access fees","Charging for API usage?",reselling_business,38,701
1483,"Kibana amplification attacks","Visualization tool DDoS",malware_tools,20,378
1484,"Procedural art contests","Rule-based art competitions",content_acquisition,19,356
1485,"Automatic stay bankruptcy","Does bankruptcy stay judgment?",legal_issues,72,1389
1486,"Service mesh security policies","Authorization in microservices?",hosting_infrastructure,25,456
1487,"White-label pricing strategy","Charging for rebranding?",reselling_business,36,667
1488,"Splunk amplification attacks","Log analysis DDoS",malware_tools,21,389
1489,"Data mosaic art contests","Data visualization art comps",content_acquisition,19,356
1490,"Stay pending certiorari","Staying during Supreme Court review?",legal_issues,66,1267
1491,"Rate limiting service mesh","Throttling at mesh level?",hosting_infrastructure,27,489
1492,"Developer tier pricing","Special pricing for developers?",reselling_business,39,723
1493,"ELK stack amplification","Elasticsearch Logstash Kibana DDoS",malware_tools,22,401
1494,"Circuit bending art","Hardware manipulation art contests",content_acquisition,18,334
1495,"Mandate issuance timing","When does appellate mandate issue?",legal_issues,61,1156
1496,"Egress control service mesh","Controlling outbound traffic?",hosting_infrastructure,24,445
1497,"Non-profit pricing discount","Special rates for non-profits?",reselling_business,33,601
1498,"Nexus amplification attacks","Repository manager DDoS",malware_tools,19,356
1499,"Remix art competitions","Transformative art contests",content_acquisition,20,378
1500,"Recall of mandate","Taking back appellate mandate?",legal_issues,68,1312
1501,"Multi-cluster service mesh","Mesh across multiple clusters?",hosting_infrastructure,28,512
1502,"Educational pricing model","Discounts for education sector?",reselling_business,40,734
1503,"Artifactory amplification","Artifact repository DDoS",malware_tools,20,378
1504,"Collaborative art contests","Multi-artist collaboration comps",content_acquisition,21,389
1505,"Mandate stays pending rehearing","Delay in mandate issuance?",legal_issues,63,1198
1506,"Service mesh federation","Connecting multiple meshes?",hosting_infrastructure,26,478
1507,"Government pricing requirements","Special terms for government?",reselling_business,35,645
1508,"Terraform amplification","Infrastructure as code DDoS",malware_tools,19,356
1509,"Crowdsourced art projects","Community art competitions",content_acquisition,20,378
1510,"Petition for rehearing timing","How long to request rehearing?",legal_issues,71,1367
1511,"Zero-trust architecture","Never trust always verify?",hosting_infrastructure,29,534
1512,"Startup pricing programs","Special deals for startups?",reselling_business,41,756
1513,"Ansible amplification attacks","Automation tool DDoS",malware_tools,20,378
1514,"Street art documentation","Graffiti and murals streams",content_acquisition,24,445
1515,"En banc rehearing standards","When does full court rehear?",legal_issues,57,1089
1516,"Policy engine integration","OPA for access control?",hosting_infrastructure,25,456
1517,"Military and veteran discounts","Special pricing for veterans?",reselling_business,32,589
1518,"Chef Server amplification","Config management DDoS",malware_tools,19,356
1519,"Chalk art festival streams","Sidewalk chalk competitions",content_acquisition,20,378
1520,"Rehearing en banc vs panel","Difference in rehearing types?",legal_issues,69,1334
1521,"Workload identity management","Identity for pods and services?",hosting_infrastructure,27,489
1522,"Senior citizen discounts","Age-based pricing strategy?",reselling_business,36,667
1523,"Puppet Server amplification","IT automation DDoS",malware_tools,20,378
1524,"Sand animation performances","Live sand art shows",content_acquisition,19,356
1525,"Standards for granting rehearing","When is rehearing granted?",legal_issues,64,1223
1526,"Network policy automation","Dynamic network security rules?",hosting_infrastructure,24,445
1527,"Family plan pricing","Multi-user household discounts?",reselling_business,39,723
1528,"SaltStack amplification","Event-driven automation DDoS",malware_tools,20,378
1529,"Light painting photography","Long exposure art contests",content_acquisition,21,389
1530,"Mandate pending rehearing","What happens during rehearing?",legal_issues,72,1389
1531,"Compliance as code","Automated compliance checking?",hosting_infrastructure,28,512
1532,"Group discount structures","Pricing for group purchases?",reselling_business,34,623
1533,"Nagios amplification attacks","Monitoring tool DDoS",malware_tools,19,356
1534,"Projection mapping shows","Architectural projection art",content_acquisition,25,456
1535,"Finality after rehearing denial","Is denial final or appealable?",legal_issues,58,1089
1536,"Security scanning automation","Automated vulnerability scanning?",hosting_infrastructure,26,478
1537,"Corporate volume licensing","Enterprise bulk licensing?",reselling_business,40,734
1538,"Zabbix amplification attacks","Network monitoring DDoS",malware_tools,20,378
1539,"Holographic art installations","3D hologram art exhibitions",content_acquisition,22,401
1540,"Certiorari petition standards","Supreme Court review criteria?",legal_issues,73,1412
1541,"Container image scanning","Scanning for vulnerabilities?",hosting_infrastructure,25,456
1542,"Multi-year deal incentives","Discounts for long contracts?",reselling_business,37,689
1543,"Icinga amplification attacks","Monitoring solution DDoS",malware_tools,19,356
1544,"Augmented reality art","AR-enhanced art exhibitions",content_acquisition,24,445
1545,"Rule of four certiorari","Four justices needed for review?",legal_issues,66,1267
1546,"Runtime security monitoring","Detecting threats at runtime?",hosting_infrastructure,29,534
1547,"Evergreen contract pricing","Auto-renewing agreements?",reselling_business,33,601
1548,"Sensu amplification attacks","Monitoring framework DDoS",malware_tools,20,378
1549,"Virtual reality art experiences","VR art gallery streams",content_acquisition,26,478
1550,"Cert worthy issues","What makes case cert worthy?",legal_issues,69,1334
1551,"Behavioral detection systems","Anomaly detection for security?",hosting_infrastructure,24,445
1552,"Usage-based true-up billing","Reconciling actual vs estimated?",reselling_business,38,701
1553,"Checkmk amplification","IT monitoring DDoS",malware_tools,19,356
1554,"Mixed reality art installations","MR art competitions",content_acquisition,23,423
1555,"Circuit split requirement","Conflicting circuit decisions?",legal_issues,71,1367
1556,"Threat intelligence integration","Using threat feeds?",hosting_infrastructure,27,489
1557,"Ramp deal structuring","Gradual price increases?",reselling_business,36,667
1558,"Observium amplification","Network monitoring DDoS",malware_tools,20,378
1559,"Immersive art experiences","360-degree art installations",content_acquisition,21,389
1560,"Important question criterion","Significance for cert grant?",legal_issues,63,1198
1561,"Security incident response","IR playbooks and automation?",hosting_infrastructure,28,512
1562,"Pilot program pricing","Trial pricing for new customers?",reselling_business,39,723
1563,"LibreNMS amplification","Open monitoring DDoS",malware_tools,19,356
1564,"Interactive art installations","Audience participation art",content_acquisition,22,401
1565,"Lower court conflict factor","Disagreement among lower courts?",legal_issues,68,1312
1566,"Forensics and investigation","Post-incident forensics?",hosting_infrastructure,25,456
1567,"Migration assistance pricing","Charging for migration help?",reselling_business,32,589
1568,"PRTG amplification attacks","Network monitor DDoS",malware_tools,21,389
1569,"Kinetic art sculptures","Moving sculpture competitions",content_acquisition,20,378
1570,"Novel legal issue factor","New question for cert grant?",legal_issues,72,1389
1571,"Security automation orchestration","SOAR platform integration?",hosting_infrastructure,29,534
1572,"Implementation fee justification","Charging for onboarding?",reselling_business,40,734
1573,"Cacti amplification attacks","Network graphing DDoS",malware_tools,20,378
1574,"Sound art installations","Audio-based art exhibitions",content_acquisition,19,356
1575,"Error in lower court factor","Clear error below?",legal_issues,61,1156
1576,"Deception technology deployment","Honeypots and honeytokens?",hosting_infrastructure,26,478
1577,"Training and certification fees","Charging for customer training?",reselling_business,35,645
1578,"Netdata amplification","Real-time monitoring DDoS",malware_tools,19,356
1579,"Olfactory art experiences","Scent-based art installations",content_acquisition,18,334
1580,"Impact of decision factor","Broad vs narrow impact?",legal_issues,69,1334
1581,"Microsegmentation strategy","Fine-grained network isolation?",hosting_infrastructure,27,489
1582,"Support tier pricing differences","Basic vs premium support costs?",reselling_business,38,701
1583,"Datadog amplification","Monitoring SaaS DDoS",malware_tools,22,401
1584,"Tactile art for blind","Touch-based art exhibitions",content_acquisition,20,378
1585,"Vehicle for deciding question","Good case for issue?",legal_issues,64,1223
1586,"Privileged access management","PAM for infrastructure?",hosting_infrastructure,25,456
1587,"SLA-based pricing tiers","Guarantees affecting price?",reselling_business,36,667
1588,"New Relic amplification","APM platform DDoS",malware_tools,21,389
1589,"Taste-based art experiences","Culinary art installations",content_acquisition,19,356
1590,"Federal question presence","Federal issue for cert?",legal_issues,73,1412
1591,"Secrets rotation automation","Automatic credential rotation?",hosting_infrastructure,28,512
1592,"Professional services pricing","Consulting and custom work?",reselling_business,39,723
1593,"AppDynamics amplification","Application monitoring DDoS",malware_tools,20,378
1594,"Multisensory art experiences","All senses art installations",content_acquisition,23,423
1595,"Conflict with precedent","Does decision conflict with SCOTUS?",legal_issues,66,1267
1596,"Certificate authority automation","Internal CA management?",hosting_infrastructure,24,445
1597,"Managed service pricing","Fully managed vs self-service?",reselling_business,41,756
1598,"Dynatrace amplification","Software intelligence DDoS",malware_tools,21,389
1599,"Participatory art projects","Audience as artist exhibitions",content_acquisition,21,389
1600,"Government interest factor","Important to government?",legal_issues,71,1367
1601,"Hardware security module integration","HSM for key management?",hosting_infrastructure,29,534
1602,"Success fee pricing","Charging based on outcomes?",reselling_business,33,601
1603,"Splunk Cloud amplification","Cloud SIEM DDoS",malware_tools,20,378
1604,"Relational art experiences","Social interaction art",content_acquisition,19,356
1605,"Solicitor General position","What does SG recommend?",legal_issues,58,1089
1606,"Confidential computing adoption","Encrypted in-use data?",hosting_infrastructure,26,478
1607,"Revenue share pricing model","Percentage of customer revenue?",reselling_business,40,734
1608,"Sumo Logic amplification","Log management DDoS",malware_tools,21,389
1609,"Ephemeral art documentation","Temporary art streams",content_acquisition,20,378
1610,"Amicus briefs influence","Friend of court impact?",legal_issues,68,1312
1611,"Secure enclave technology","TEE for sensitive workloads?",hosting_infrastructure,25,456
1612,"Profit-sharing agreements","Sharing profits with partners?",reselling_business,37,689
1613,"Loggly amplification attacks","Cloud logging DDoS",malware_tools,19,356
1614,"Process art documentation","Art-making process streams",content_acquisition,19,356
1615,"Media attention factor","Public interest in case?",legal_issues,63,1198
1616,"Attestation and verification","Verifying workload integrity?",hosting_infrastructure,27,489
1617,"Equity compensation pricing","Giving equity instead of cash?",reselling_business,34,623
1618,"Papertrail amplification","Log management DDoS",malware_tools,20,378
1619,"Durational art performances","Time-based art events",content_acquisition,20,378
1620,"Oral argument significance","Does oral argument matter?",legal_issues,72,1389
1621,"Supply chain security","Software supply chain protection?",hosting_infrastructure,28,512
1622,"Barter exchange agreements","Trading services for services?",reselling_business,32,589
1623,"Sentry amplification attacks","Error tracking DDoS",malware_tools,20,378
1624,"Site-specific art installations","Location-dependent art",content_acquisition,22,401
1625,"Advocacy during arguments","Quality of advocacy impact?",legal_issues,59,1123
1626,"Software bill of materials","SBOM for containers?",hosting_infrastructure,24,445
1627,"Contra-revenue arrangements","Mutual service agreements?",reselling_business,39,723
1628,"Rollbar amplification","Error monitoring DDoS",malware_tools,19,356
1629,"Context-specific art","Environment-dependent art",content_acquisition,19,356
1630,"Justice recusal standards","When must justice recuse?",legal_issues,69,1334
1631,"Provenance tracking","Tracking software origins?",hosting_infrastructure,26,478
1632,"Deferred payment terms","Pay later arrangements?",reselling_business,36,667
1633,"Bugsnag amplification attacks","Error tracking DDoS",malware_tools,20,378
1634,"Commissioned art streams","Custom art creation shows",content_acquisition,21,389
1635,"Impartiality requirements","What creates appearance of bias?",legal_issues,71,1367
1636,"Code signing automation","Signing artifacts automatically?",hosting_infrastructure,27,489
1637,"Milestone-based payments","Paying upon achievement?",reselling_business,38,701
1638,"Airbrake amplification","Error monitoring DDoS",malware_tools,19,356
1639,"Restoration art documentation","Art conservation streams",content_acquisition,20,378
1640,"Financial interest recusal","Money interest requiring recusal?",legal_issues,64,1223
1641,"Binary authorization policies","Allowing only signed images?",hosting_infrastructure,25,456
1642,"Performance bond pricing","Guaranteeing performance?",reselling_business,35,645
1643,"Raygun amplification attacks","Error reporting DDoS",malware_tools,20,378
1644,"Art authentication shows","Verifying art authenticity streams",content_acquisition,22,401
1645,"Personal relationship recusal","Relationship requiring recusal?",legal_issues,68,1312
1646,"Vulnerability disclosure program","Coordinated disclosure?",hosting_infrastructure,28,512
1647,"Retention bonus pricing","Paying to keep customers?",reselling_business,40,734
1648,"Honeybadger amplification","Exception monitoring DDoS",malware_tools,19,356
1649,"Art valuation shows","Appraising artwork streams",content_acquisition,23,423
1650,"Prior involvement recusal","Past role requiring recusal?",legal_issues,63,1198
1651,"Bug bounty program setup","Paying for vulnerability reports?",hosting_infrastructure,29,534
1652,"Loyalty reward programs","Points and rewards for retention?",reselling_business,37,689
1653,"Exceptional amplification","Error tracking service DDoS",malware_tools,20,378
1654,"Art market analysis shows","Art investment streams",content_acquisition,21,389
1655,"Appearance of impropriety","Perception requiring recusal?",legal_issues,72,1389
1656,"Responsible disclosure policy","How to handle reported vulns?",hosting_infrastructure,26,478
1657,"Referral fee structures","Paying for customer referrals?",reselling_business,34,623
1658,"Errbit amplification attacks","Error aggregator DDoS",malware_tools,19,356
1659,"Gallery exhibition streams","Virtual gallery tours",content_acquisition,24,445
1660,"Public statements and recusal","Comments requiring recusal?",legal_issues,58,1089
1661,"Security researcher relations","Working with researchers?",hosting_infrastructure,24,445
1662,"Affiliate commission rates","How much to pay affiliates?",reselling_business,39,723
1663,"Raygun.io amplification","Crash reporting DDoS",malware_tools,20,378
1664,"Art auction live streams","Auction house event streams",content_acquisition,26,478
1665,"Extrajudicial statements impact","Out of court comments?",legal_issues,69,1334
1666,"Coordinated vulnerability disclosure","Industry-wide disclosure?",hosting_infrastructure,27,489
1667,"Influencer partnership fees","Paying influencers for promotion?",reselling_business,41,756
1668,"TrackJS amplification attacks","JavaScript error tracking DDoS",malware_tools,20,378
1669,"Art fair coverage","International art fair streams",content_acquisition,25,456
1670,"Campaign contributions recusal","Political donations and bias?",legal_issues,66,1267
1671,"Exploit prediction scoring","Prioritizing vulnerabilities?",hosting_infrastructure,25,456
1672,"Brand ambassador programs","Paying brand advocates?",reselling_business,33,601
1673,"LogRocket amplification","Session replay DDoS",malware_tools,21,389
1674,"Biennale coverage streams","Venice Biennale and others",content_acquisition,27,489
1675,"Ideological bias concerns","Worldview affecting decisions?",legal_issues,73,1412
1676,"Threat modeling practices","Identifying security risks?",hosting_infrastructure,28,512
1677,"Co-marketing partnership fees","Shared marketing costs?",reselling_business,38,701
1678,"FullStory amplification","Digital experience DDoS",malware_tools,22,401
1679,"Artist residency programs","Artist in residence streams",content_acquisition,20,378
1680,"Pattern of rulings concern","Consistent pattern showing bias?",legal_issues,61,1156
1681,"Attack surface reduction","Minimizing exposure?",hosting_infrastructure,24,445
1682,"Channel partner commissions","Paying reseller partners?",reselling_business,40,734
1683,"Hotjar amplification attacks","User behavior DDoS",malware_tools,21,389
1684,"Studio visit streams","Artist workspace tours",content_acquisition,20,378
1685,"Previous opinions and recusal","Past decisions causing bias?",legal_issues,71,1367
1686,"Defense in depth strategy","Layered security approach?",hosting_infrastructure,29,534
1687,"Distributor margin structure","Wholesale pricing tiers?",reselling_business,35,645
1688,"Crazy Egg amplification","Heatmap tool DDoS",malware_tools,20,378
1689,"Art technique tutorials","How-to art instruction streams",content_acquisition,28,512
1690,"Judicial philosophy transparency","How much disclosure needed?",legal_issues,64,1223
1691,"Assume breach mindset","Planning for compromise?",hosting_infrastructure,25,456
1692,"Value-added reseller pricing","VAR partner pricing?",reselling_business,36,667
1693,"Mouseflow amplification","Session replay DDoS",malware_tools,20,378
1694,"Master class art series","Expert artist teaching streams",content_acquisition,29,534
1695,"Recusal motion procedures","How to request recusal?",legal_issues,68,1312
1696,"Principle of least privilege","Minimal necessary access?",hosting_infrastructure,27,489
1697,"OEM partnership pricing","Original equipment manufacturer deals?",reselling_business,39,723
1698,"Heap amplification attacks","Product analytics DDoS",malware_tools,21,389
1699,"Art history lecture series","Educational art content streams",content_acquisition,26,478
1700,"Duty to sit principle","Must justice hear case?",legal_issues,59,1123
1701,"Zero trust network access","ZTNA implementation for IPTV?",hosting_infrastructure,28,512
1702,"Freemium to premium conversion","Tactics to convert free users?",reselling_business,37,689
1703,"Mixpanel amplification attacks","Product analytics DDoS",malware_tools,20,378
1704,"Art criticism live streams","Critics discussing art shows",content_acquisition,22,401
1705,"Conflicts of interest rules","Financial interests creating conflicts?",legal_issues,67,1289
1706,"Identity-aware proxy setup","IAP for zero trust?",hosting_infrastructure,26,478
1707,"Bundling and unbundling strategy","When to bundle vs separate?",reselling_business,40,734
1708,"Amplitude amplification attacks","Analytics platform DDoS",malware_tools,21,389
1709,"Art theory discussions","Philosophy of art streams",content_acquisition,19,356
1710,"Stock ownership recusal","Stock holdings requiring recusal?",legal_issues,71,1367
1711,"Software-defined perimeter","SDP for infrastructure protection?",hosting_infrastructure,29,534
1712,"Price anchoring experiments","Testing different anchor prices?",reselling_business,33,601
1713,"Segment amplification attacks","Customer data platform DDoS",malware_tools,20,378
1714,"Museum curator talks","Behind scenes museum streams",content_acquisition,24,445
1715,"Family member employment","Relative's job causing conflict?",legal_issues,58,1089
1716,"Just-in-time access provisioning","Temporary elevated privileges?",hosting_infrastructure,25,456
1717,"Promotional pricing cycles","Timing of sales and promotions?",reselling_business,38,701
1718,"Pendo amplification attacks","Product experience DDoS",malware_tools,19,356
1719,"Art collection management","Private collection tours",content_acquisition,21,389
1720,"Spouse employment conflicts","Partner's job creating issues?",legal_issues,69,1334
1721,"Breakglass access procedures","Emergency access protocols?",hosting_infrastructure,27,489
1722,"Psychological price thresholds","$10 vs $9.99 effectiveness?",reselling_business,35,645
1723,"Heap Analytics amplification","User analytics DDoS",malware_tools,20,378
1724,"Conservation science shows","Art preservation techniques",content_acquisition,20,378
1725,"Outside income disclosure","Side earnings requiring disclosure?",legal_issues,64,1223
1726,"Session management security","Secure session handling?",hosting_infrastructure,24,445
1727,"Charm pricing effectiveness","Does .99 pricing still work?",reselling_business,36,667
1728,"Kissmetrics amplification","Behavioral analytics DDoS",malware_tools,21,389
1729,"Provenance research shows","Tracing artwork history",content_acquisition,19,356
1730,"Gift acceptance rules","What gifts must be disclosed?",legal_issues,72,1389
1731,"Context-aware access control","Dynamic access based on context?",hosting_infrastructure,28,512
1732,"Prestige pricing execution","Premium pricing implementation?",reselling_business,39,723
1733,"Woopra amplification attacks","Customer analytics DDoS",malware_tools,20,378
1734,"Forgery detection shows","Identifying fake art streams",content_acquisition,23,423
1735,"Speaking engagement income","Paid speeches creating conflicts?",legal_issues,61,1156
1736,"Adaptive authentication flows","Risk-based authentication?",hosting_infrastructure,26,478
1737,"Economy pricing strategies","Low cost leader positioning?",reselling_business,32,589
1738,"Clicky amplification attacks","Web analytics DDoS",malware_tools,19,356
1739,"Art insurance industry","Insuring valuable art streams",content_acquisition,20,378
1740,"Book deals and conflicts","Publishing income disclosure?",legal_issues,68,1312
1741,"Biometric authentication adoption","Fingerprint and face recognition?",hosting_infrastructure,29,534
1742,"Price skimming for new features","High initial price strategy?",reselling_business,40,734
1743,"StatCounter amplification","Website stats DDoS",malware_tools,20,378
1744,"Art shipping logistics","Transporting artwork streams",content_acquisition,21,389
1745,"Consulting agreements disclosure","Advisory roles requiring disclosure?",legal_issues,63,1198
1746,"Passwordless authentication","FIDO2 and WebAuthn adoption?",hosting_infrastructure,25,456
1747,"Penetration pricing execution","Low entry price strategy?",reselling_business,34,623
1748,"GoSquared amplification attacks","Analytics platform DDoS",malware_tools,19,356
1749,"Art storage facilities","Climate controlled storage tours",content_acquisition,19,356
1750,"Board memberships conflicts","Directorship creating conflicts?",legal_issues,73,1412
1751,"Risk-based authentication rules","Scoring authentication risk?",hosting_infrastructure,27,489
1752,"Premium pricing justification","Justifying high prices to customers?",reselling_business,38,701
1753,"Chartbeat amplification","Real-time analytics DDoS",malware_tools,21,389
1754,"Art law case studies","Legal battles over art",content_acquisition,26,478
1755,"Trust relationships disclosure","Trustee positions and conflicts?",legal_issues,66,1267
1756,"Multi-factor authentication enforcement","Requiring MFA for all users?",hosting_infrastructure,24,445
1757,"Competitive pricing analysis","Matching competitor prices?",reselling_business,36,667
1758,"Crazy Egg Pro amplification","Heatmaps and analytics DDoS",malware_tools,20,378
1759,"Repatriation debates","Returning stolen art streams",content_acquisition,24,445
1760,"Investments requiring disclosure","Portfolio holdings conflicts?",legal_issues,69,1334
1761,"Certificate-based authentication","X.509 certificates for auth?",hosting_infrastructure,28,512
1762,"Cost-plus pricing model","Adding margin to costs?",reselling_business,33,601
1763,"Mouseflow Pro amplification","Session analytics DDoS",malware_tools,20,378
1764,"Museum ethics discussions","Controversial acquisitions debates",content_acquisition,22,401
1765,"Real estate holdings conflicts","Property ownership issues?",legal_issues,58,1089
1766,"OAuth and OpenID Connect","Modern authentication protocols?",hosting_infrastructure,26,478
1767,"Value-based pricing implementation","Charging based on value delivered?",reselling_business,41,756
1768,"Lucky Orange amplification","Conversion analytics DDoS",malware_tools,21,389
1769,"Deaccessioning controversies","Museums selling art debates",content_acquisition,23,423
1770,"Blind trust requirements","When is blind trust required?",legal_issues,72,1389
1771,"SAML for enterprise SSO","SAML 2.0 implementation?",hosting_infrastructure,25,456
1772,"Dynamic pricing algorithms","AI-driven pricing strategies?",reselling_business,37,689
1773,"VWO amplification attacks","A/B testing platform DDoS",malware_tools,20,378
1774,"Cultural heritage protection","Preserving historical art",content_acquisition,21,389
1775,"Recusal by mutual agreement","Can parties waive conflicts?",legal_issues,64,1223
1776,"Kerberos authentication","Network authentication protocol?",hosting_infrastructure,29,534
1777,"Geographical pricing strategies","Different prices by region?",reselling_business,39,723
1778,"Optimizely amplification","Experimentation platform DDoS",malware_tools,22,401
1779,"Indigenous art rights","Native artwork ownership issues",content_acquisition,22,401
1780,"Automatic recusal triggers","What automatically requires recusal?",legal_issues,71,1367
1781,"LDAP authentication integration","Directory services for auth?",hosting_infrastructure,24,445
1782,"Customer segment pricing","Different prices per segment?",reselling_business,34,623
1783,"Convert amplification attacks","Optimization tool DDoS",malware_tools,19,356
1784,"Looted art recovery","Finding stolen war art",content_acquisition,25,456
1785,"Mandatory vs discretionary recusal","When is recusal required?",legal_issues,68,1312
1786,"Active Directory integration","Windows AD authentication?",hosting_infrastructure,27,489
1787,"Price discrimination legality check","Legal constraints on pricing?",reselling_business,38,701
1788,"Unbounce amplification","Landing page builder DDoS",malware_tools,20,378
1789,"Art market corruption","Money laundering through art",content_acquisition,27,489
1790,"Appearance standard for recusal","How much appearance matters?",legal_issues,63,1198
1791,"Radius authentication servers","Remote authentication dial-in?",hosting_infrastructure,25,456
1792,"First-degree price discrimination","Perfect personalized pricing?",reselling_business,40,734
1793,"Instapage amplification attacks","Page builder DDoS",malware_tools,20,378
1794,"Auction house scandals","Christie's Sotheby's controversies",content_acquisition,24,445
1795,"Reasonable person standard","Objective recusal standard?",legal_issues,69,1334
1796,"TACACS+ for device access","Terminal access controller?",hosting_infrastructure,28,512
1797,"Second-degree price discrimination","Quantity discounts strategy?",reselling_business,32,589
1798,"Leadpages amplification","Marketing platform DDoS",malware_tools,19,356
1799,"Art tax evasion schemes","Freeports and tax avoidance",content_acquisition,26,478
1800,"Duty vs discretion boundary","When is recusal mandatory?",legal_issues,72,1389
1801,"Federated identity management","Cross-domain authentication?",hosting_infrastructure,26,478
1802,"Third-degree price discrimination","Market segmentation pricing?",reselling_business,36,667
1803,"ClickFunnels amplification","Sales funnel builder DDoS",malware_tools,21,389
1804,"Fake art markets online","Counterfeit art sales streams",content_acquisition,21,389
1805,"Canon of judicial ethics","Ethical rules for judges?",legal_issues,58,1089
1806,"Cross-realm authentication","Kerberos cross-realm trust?",hosting_infrastructure,29,534
1807,"Yield management pricing","Revenue optimization strategy?",reselling_business,39,723
1808,"Kartra amplification attacks","Marketing automation DDoS",malware_tools,20,378
1809,"Art investment funds","Investing in artwork streams",content_acquisition,23,423
1810,"Code of conduct violations","What constitutes misconduct?",legal_issues,71,1367
1811,"Single sign-on architecture","Enterprise SSO design?",hosting_infrastructure,25,456
1812,"Price optimization software","Using AI for pricing?",reselling_business,41,756
1813,"Builderall amplification","Marketing platform DDoS",malware_tools,20,378
1814,"NFT art bubble analysis","Digital art speculation streams",content_acquisition,28,512
1815,"Judicial discipline procedures","How are judges disciplined?",legal_issues,66,1267
1816,"Identity federation standards","SAML vs OAuth vs OpenID?",hosting_infrastructure,27,489
1817,"Algorithmic pricing ethics","Is algorithmic pricing fair?",reselling_business,33,601
1818,"Systeme.io amplification","All-in-one marketing DDoS",malware_tools,19,356
1819,"Art world #MeToo","Sexual harassment in art industry",content_acquisition,25,456
1820,"Impeachment of judges","Can judges be impeached?",legal_issues,73,1412
1821,"Attribute-based access control","ABAC for fine-grained control?",hosting_infrastructure,28,512
1822,"Predatory pricing concerns","Pricing below cost issues?",reselling_business,38,701
1823,"GetResponse amplification","Email marketing DDoS",malware_tools,21,389
1824,"Diversity in art world","Representation issues streams",content_acquisition,22,401
1825,"Removal from office procedures","Process for removing judges?",legal_issues,64,1223
1826,"Relationship-based access control","ReBAC implementation?",hosting_infrastructure,26,478
1827,"Price fixing allegations","Antitrust concerns in pricing?",reselling_business,40,734
1828,"AWeber amplification attacks","Email automation DDoS",malware_tools,20,378
1829,"Art education accessibility","Making art education available",content_acquisition,21,389
1830,"Censure vs removal","Different levels of discipline?",legal_issues,69,1334
1831,"Policy-based access control","Centralized policy engine?",hosting_infrastructure,29,534
1832,"Collusion detection in pricing","Are competitors coordinating?",reselling_business,34,623
1833,"Constant Contact amplification","Email marketing DDoS",malware_tools,21,389
1834,"Public art controversies","Controversial sculptures debates",content_acquisition,24,445
1835,"Resignation under pressure","Forced retirement of judges?",legal_issues,61,1156
1836,"Permission boundaries AWS","IAM permission boundaries?",hosting_infrastructure,25,456
1837,"Price signaling concerns","Announcing prices anticompetitive?",reselling_business,37,689
1838,"MailChimp amplification","Marketing automation DDoS",malware_tools,23,423
1839,"Street art vs vandalism","Legal status of graffiti",content_acquisition,20,378
1840,"Fitness for office evaluation","Mental/physical capacity issues?",legal_issues,72,1389
1841,"Service control policies AWS","SCP for organization security?",hosting_infrastructure,27,489
1842,"Most favored nation clauses","MFN pricing clauses legal?",reselling_business,39,723
1843,"Sendinblue amplification","Email marketing platform DDoS",malware_tools,20,378
1844,"Censorship in art","Banned artworks discussions",content_acquisition,23,423
1845,"Mandatory retirement age","Age limits for judges?",legal_issues,58,1089
1846,"Resource-based policies AWS","S3 bucket policies etc?",hosting_infrastructure,24,445
1847,"Price parity agreements","MAP policies enforceable?",reselling_business,36,667
1848,"ActiveCampaign amplification","CRM and automation DDoS",malware_tools,22,401
1849,"Performance art boundaries","What constitutes art debates",content_acquisition,21,389
1850,"Term limits for judges","Should judges have term limits?",legal_issues,68,1312
1851,"Session policies AWS","Temporary security restrictions?",hosting_infrastructure,28,512
1852,"Resale price maintenance","Minimum pricing legal?",reselling_business,40,734
1853,"ConvertKit amplification attacks","Email marketing DDoS",malware_tools,20,378
1854,"AI-generated art copyright","Who owns AI art streams",content_acquisition,27,489
1855,"Lifetime appointment vs election","How should judges be selected?",legal_issues,73,1412
1856,"IAM roles anywhere AWS","Credentials for anywhere?",hosting_infrastructure,26,478
1857,"Vertical price fixing","Supplier-retailer pricing agreements?",reselling_business,33,601
1858,"Drip amplification attacks","Email automation DDoS",malware_tools,19,356
1859,"Deep fake art concerns","Manipulated artwork debates",content_acquisition,22,401
1860,"Merit selection systems","Appointment based on merit?",legal_issues,64,1223
1861,"Cognito identity pools","Mobile app authentication?",hosting_infrastructure,29,534
1862,"Horizontal price fixing","Competitor agreements on price?",reselling_business,38,701
1863,"Moosend amplification","Email platform DDoS",malware_tools,20,378
1864,"Blockchain for art provenance","Using blockchain to track art",content_acquisition,25,456
1865,"Judicial nominating commissions","How are judges nominated?",legal_issues,69,1334
1866,"STS assume role chaining","Role assumption chains AWS?",hosting_infrastructure,25,456
1867,"Hub and spoke conspiracy","Price fixing conspiracy patterns?",reselling_business,37,689
1868,"Mailjet amplification attacks","Transactional email DDoS",malware_tools,21,389
1869,"3D printed art","Additive manufacturing in art",content_acquisition,20,378
1870,"Retention elections judges","Should voters retain judges?",legal_issues,61,1156
1871,"Cross-account access AWS","Accessing resources across accounts?",hosting_infrastructure,27,489
1872,"Plus factors in pricing","Evidence of coordination?",reselling_business,40,734
1873,"SendGrid amplification","Email API DDoS",malware_tools,22,401
1874,"Bioart and living sculptures","Living organism art streams",content_acquisition,22,401
1875,"Contested judicial elections","Campaigns for judge positions?",legal_issues,72,1389
1876,"External ID for third party","Confused deputy problem AWS?",hosting_infrastructure,24,445
1877,"Tacit collusion detection","Implicit coordination signs?",reselling_business,32,589
1878,"Mailgun amplification attacks","Email service DDoS",malware_tools,20,378
1879,"Controversial curator choices","Provocative exhibitions debates",content_acquisition,24,445
1880,"Nonpartisan judicial selection","Removing politics from selection?",legal_issues,68,1312
1881,"VPC endpoint policies","Private endpoint security?",hosting_infrastructure,28,512
1882,"Conscious parallelism legal","Following competitor legal?",reselling_business,36,667
1883,"Postmark amplification","Transactional email DDoS",malware_tools,21,389
1884,"Museums and colonialism","Decolonizing museums streams",content_acquisition,26,478
1885,"Partisan vs nonpartisan elections","Political affiliation in elections?",legal_issues,63,1198
1886,"Private link security","AWS PrivateLink benefits?",hosting_infrastructure,26,478
1887,"Facilitating practices pricing","Actions enabling coordination?",reselling_business,39,723
1888,"SparkPost amplification attacks","Email delivery DDoS",malware_tools,20,378
1889,"Art restitution claims","Returning art to heirs",content_acquisition,23,423
1890,"Campaign finance for judges","Funding judicial campaigns?",legal_issues,71,1367
1891,"Transit gateway security","TGW network segmentation?",hosting_infrastructure,29,534
1892,"Information exchange antitrust","Sharing pricing info legal?",reselling_business,41,756
1893,"Elastic Email amplification","Email marketing DDoS",malware_tools,21,389
1894,"Monuments being removed","Controversial statue removals",content_acquisition,28,512
1895,"Judicial campaign restrictions","What can judges say campaigning?",legal_issues,66,1267
1896,"Network firewall AWS","Managed firewall service?",hosting_infrastructure,25,456
1897,"Trade association guidelines","Industry associations and pricing?",reselling_business,34,623
1898,"Pepipost amplification attacks","Email infrastructure DDoS",malware_tools,19,356
1899,"Art as propaganda","Political messaging in art",content_acquisition,21,389
1900,"Dark money judicial campaigns","Anonymous donations to campaigns?",legal_issues,73,1412
1901,"WAF rule optimization","Web application firewall tuning?",hosting_infrastructure,27,489
1902,"Benchmark surveys antitrust","Industry benchmark data legal?",reselling_business,38,701
1903,"SocketLabs amplification","Email delivery DDoS",malware_tools,20,378
1904,"Iconoclasm throughout history","Destruction of art streams",content_acquisition,24,445
1905,"Judicial accountability measures","Making judges accountable?",legal_issues,64,1223
1906,"Shield Advanced protection","DDoS protection AWS?",hosting_infrastructure,28,512
1907,"Safe harbor pricing communications","What info sharing allowed?",reselling_business,36,667
1908,"SendPulse amplification attacks","Multi-channel marketing DDoS",malware_tools,22,401
1909,"Satire and parody in art","Fair use in artistic expression",content_acquisition,22,401
1910,"Judicial performance evaluation","Measuring judge effectiveness?",legal_issues,69,1334
1911,"GuardDuty threat detection","Intelligent threat detection AWS?",hosting_infrastructure,26,478
1912,"Naked restraints vs rule of reason","Antitrust analysis approaches?",reselling_business,40,734
1913,"SMTP2GO amplification","Email relay service DDoS",malware_tools,20,378
1914,"Appropriation art ethics","Using others' work in art",content_acquisition,20,378
1915,"Transparent judicial systems","Public access to court info?",legal_issues,58,1089
1916,"Macie data discovery","Sensitive data identification AWS?",hosting_infrastructure,29,534
1917,"Per se illegal vs rule of reason","Automatic vs analysis approach?",reselling_business,33,601
1918,"Turbo SMTP amplification","Email service DDoS",malware_tools,19,356
1919,"Outsider art movement","Self-taught artists streams",content_acquisition,21,389
1920,"Cameras in courtrooms","Should trials be televised?",legal_issues,72,1389
1921,"Inspector security assessment","Automated security assessment AWS?",hosting_infrastructure,25,456
1922,"Quick look analysis antitrust","Intermediate scrutiny approach?",reselling_business,39,723
1923,"Mailazy amplification attacks","Email API DDoS",malware_tools,20,378
1924,"Art therapy practices","Healing through art streams",content_acquisition,23,423
1925,"Public access to court records","Transparency in judiciary?",legal_issues,61,1156
1926,"Security Hub findings","Centralized security findings AWS?",hosting_infrastructure,27,489
1927,"Ancillary restraints doctrine","Supporting restrictions legal?",reselling_business,37,689
1928,"Mautic amplification attacks","Marketing automation DDoS",malware_tools,21,389
1929,"Museum fatigue research","Psychology of viewing art",content_acquisition,20,378
1930,"Gag orders and press freedom","Restricting trial publicity?",legal_issues,68,1312
1931,"Detective controls AWS","Security monitoring controls?",hosting_infrastructure,24,445
1932,"Tying arrangements antitrust","Bundling products illegal?",reselling_business,41,756
1933,"SuiteCRM amplification","Open CRM DDoS",malware_tools,20,378
1934,"Color theory in practice","Using color in art streams",content_acquisition,22,401
1935,"Prejudicial publicity remedies","Dealing with media coverage?",legal_issues,73,1412
1936,"Preventive controls AWS","Stopping bad actions before?",hosting_infrastructure,28,512
1937,"Exclusive dealing arrangements","Exclusivity agreements legal?",reselling_business,34,623
1938,"Vtiger amplification attacks","Open source CRM DDoS",malware_tools,21,389
1939,"Composition techniques","Rule of thirds and beyond",content_acquisition,21,389
1940,"Change of venue motions","Moving trial location?",legal_issues,64,1223
1941,"Config rules compliance","Automated compliance checking AWS?",hosting_infrastructure,26,478
1942,"Requirements contracts legality","Buyer commitment agreements?",reselling_business,38,701
1943,"Zurmo amplification attacks","Gamified CRM DDoS",malware_tools,19,356
1944,"Perspective drawing tutorials","Mastering perspective streams",content_acquisition,24,445
1945,"Sequestration of jury","Isolating jurors from media?",legal_issues,69,1334
1946,"CloudTrail log analysis","API activity monitoring AWS?",hosting_infrastructure,29,534
1947,"Output contracts antitrust","Seller commitment agreements?",reselling_business,40,734
1948,"Zoho CRM amplification","Business CRM DDoS",malware_tools,23,423
1949,"Light and shadow mastery","Chiaroscuro techniques deep dive",content_acquisition,26,478
1950,"Continuance granting standards","When to delay trials?",legal_issues,58,1089
1951,"VPC flow logs analysis","Network traffic analysis AWS?",hosting_infrastructure,25,456
1952,"Refusals to deal legality","Can you refuse customers?",reselling_business,32,589
1953,"Pipedrive amplification attacks","Sales CRM DDoS",malware_tools,22,401
1954,"Anatomy for artists","Drawing human figure correctly",content_acquisition,27,489
1955,"Speedy trial balancing test","Barker factors application?",legal_issues,72,1389
1956,"S3 access logs auditing","Bucket access tracking AWS?",hosting_infrastructure,27,489
1957,"Essential facilities doctrine","Must share critical resources?",reselling_business,39,723
1958,"Insightly amplification","Project CRM DDoS",malware_tools,20,378
1959,"Gesture drawing sessions","Quick sketch practice streams",content_acquisition,20,378
1960,"Continuance abuse prevention","Stopping delay tactics?",legal_issues,66,1267
1961,"ELB access logs security","Load balancer logging AWS?",hosting_infrastructure,24,445
1962,"Monopolization vs monopoly","Having vs acquiring monopoly?",reselling_business,41,756
1963,"Freshsales amplification attacks","Sales CRM DDoS",malware_tools,21,389
1964,"Portrait painting masterclass","Creating lifelike portraits",content_acquisition,29,534
1965,"Severance of defendants","Separate trials for co-defendants?",legal_issues,71,1367
1966,"CloudWatch anomaly detection","Detecting abnormal behavior AWS?",hosting_infrastructure,28,512
1967,"Predatory bidding concerns","Paying too much to exclude?",reselling_business,34,623
1968,"Copper amplification attacks","Prospecting tool DDoS",malware_tools,20,378
1969,"Landscape painting techniques","Capturing nature on canvas",content_acquisition,25,456
1970,"Joinder of offenses rules","Trying multiple charges together?",legal_issues,63,1198
1971,"EventBridge pattern matching","Event-driven security AWS?",hosting_infrastructure,26,478
1972,"Price squeeze claims","Vertical integration pricing?",reselling_business,38,701
1973,"Close.io amplification","Sales engagement DDoS",malware_tools,22,401
1974,"Still life composition","Arranging objects for painting",content_acquisition,21,389
1975,"Severance for prejudice","Unfair to try together?",legal_issues,68,1312
1976,"Lambda function monitoring","Serverless security monitoring AWS?",hosting_infrastructure,29,534
1977,"Margin squeeze abuse","Wholesale vs retail pricing?",reselling_business,40,734
1978,"Nimble amplification attacks","Contact management DDoS",malware_tools,20,378
1979,"Abstract painting freedom","Non-representational techniques",content_acquisition,23,423
1980,"Misjoinder correction","Improperly joined charges?",legal_issues,58,1089
1981,"Step Functions observability","Workflow monitoring AWS?",hosting_infrastructure,25,456
1982,"Constructive refusal to deal","Effective refusal through pricing?",reselling_business,36,667
1983,"Salesforce amplification","Enterprise CRM DDoS",malware_tools,24,445
1984,"Watercolor transparency","Mastering water-based paints",content_acquisition,22,401
1985,"Duplicitous indictments","Ambiguous charging documents?",legal_issues,72,1389
1986,"API Gateway logging","REST API monitoring AWS?",hosting_infrastructure,27,489
1987,"Loyalty discounts legality","Rewarding exclusive dealing?",reselling_business,39,723
1988,"HubSpot amplification attacks","Inbound marketing DDoS",malware_tools,25,456
1989,"Oil painting layering","Building up paint gradually",content_acquisition,28,512
1990,"Multiplicitous counts","Same conduct multiple charges?",legal_issues,64,1223
1991,"AppSync security","GraphQL API security AWS?",hosting_infrastructure,24,445
1992,"Bundled discounts scrutiny","Multi-product discounts legal?",reselling_business,41,756
1993,"Monday.com amplification","Work OS platform DDoS",malware_tools,23,423
1994,"Acrylic pouring techniques","Fluid art creation methods",content_acquisition,24,445
1995,"Lesser included offenses","Charging related crimes together?",legal_issues,69,1334
1996,"Kinesis stream security","Real-time data security AWS?",hosting_infrastructure,28,512
1997,"Slotting fees antitrust","Pay for shelf space legal?",reselling_business,33,601
1998,"Airtable amplification attacks","Collaborative database DDoS",malware_tools,22,401
1999,"Mixed media experimentation","Combining different materials",content_acquisition,26,478
2000,"Variance in charging","Different from original charge?",legal_issues,71,1367
2001,"DynamoDB security","NoSQL database security AWS?",hosting_infrastructure,26,478
2002,"Category management concerns","Retailer-supplier collaboration legal?",reselling_business,38,701
2003,"Notion amplification attacks","Workspace tool DDoS",malware_tools,24,445
2004,"Encaustic wax techniques","Hot wax painting methods",content_acquisition,21,389
2005,"Constructive amendment doctrine","Impermissible charge changes?",legal_issues,58,1089
2006,"RDS security hardening","Database security best practices AWS?",hosting_infrastructure,29,534
2007,"Slotting allowances vs fees","Payment types distinction?",reselling_business,40,734
2008,"Asana amplification attacks","Work management DDoS",malware_tools,23,423
2009,"Impasto thick paint","Building texture with paint",content_acquisition,20,378
2010,"Broadening the case impermissibly","Scope of prosecution expanding?",legal_issues,72,1389
2011,"Aurora security features","MySQL/PostgreSQL security AWS?",hosting_infrastructure,25,456
2012,"Pay-to-play retail","Supplier payments to retailers?",reselling_business,34,623
2013,"Basecamp amplification","Project management DDoS",malware_tools,22,401
2014,"Glazing oil painting","Transparent layer techniques",content_acquisition,22,401
2015,"Fatal variance problem","Proof doesn't match charge?",legal_issues,66,1267
2016,"Redshift security","Data warehouse security AWS?",hosting_infrastructure,27,489
2017,"Forward buying inducements","Encouraging inventory building?",reselling_business,39,723
2018,"Trello amplification attacks","Visual collaboration DDoS",malware_tools,24,445
2019,"Scumbling dry brush","Opaque dry painting technique",content_acquisition,19,356
2020,"Constructive amendment vs variance","Degree of charging change?",legal_issues,73,1412
2021,"Neptune security","Graph database security AWS?",hosting_infrastructure,28,512
2022,"Promotional allowances legality","Advertising payment agreements?",reselling_business,37,689
2023,"Wrike amplification attacks","Work management platform DDoS",malware_tools,22,401
2024,"Sgraffito scratching","Scratching through paint layers",content_acquisition,20,378
2025,"Material vs immaterial variances","Significance of charging difference?",legal_issues,64,1223
2026,"DocumentDB security","MongoDB-compatible security AWS?",hosting_infrastructure,26,478
2027,"Cooperative advertising compliance","Joint advertising requirements?",reselling_business,41,756
2028,"Smartsheet amplification","Spreadsheet collaboration DDoS",malware_tools,23,423
2029,"Grisaille underpainting","Monochrome base layer",content_acquisition,21,389
2030,"Notice to defendant requirement","Must defendant know charges?",legal_issues,69,1334
2031,"Timestream security","Time series database security AWS?",hosting_infrastructure,29,534
2032,"Robinson-Patman Act compliance","Price discrimination statute?",reselling_business,32,589
2033,"ClickUp amplification attacks","Productivity platform DDoS",malware_tools,24,445
2034,"Verdaccio underpainting","Green under-layer traditional",content_acquisition,19,356
2035,"Constructive notice sufficient","Implied knowledge vs actual?",legal_issues,61,1156
2036,"QLDB security","Ledger database security AWS?",hosting_infrastructure,25,456
2037,"Primary line injury","Harm to seller competition?",reselling_business,40,734
2038,"TeamWork amplification","Project collaboration DDoS",malware_tools,22,401
2039,"Dead layer painting","First opaque layer over grisaille",content_acquisition,20,378
2040,"Due process charging requirements","Constitutional charge standards?",legal_issues,72,1389
2041,"Keyspaces security","Cassandra-compatible security AWS?",hosting_infrastructure,27,489
2042,"Secondary line injury","Harm to buyer competition?",reselling_business,38,701
2043,"Podio amplification attacks","Work platform DDoS",malware_tools,21,389
2044,"Alla prima wet-on-wet","Completing painting in session",content_acquisition,23,423
2045,"Sixth Amendment charging","Right to know accusations?",legal_issues,68,1312
2046,"MemoryDB security","Redis-compatible security AWS?",hosting_infrastructure,28,512
2047,"Tertiary line injury","Harm to customer competition?",reselling_business,36,667
2048,"Wunderlist amplification","Task management DDoS",malware_tools,20,378
2049,"Fat over lean rule","Oil painting layer sequence",content_acquisition,24,445
2050,"Grand jury indictment charging","Formal charging document standards?",legal_issues,73,1412
2051,"ElastiCache security","Redis/Memcached security AWS?",hosting_infrastructure,26,478
2052,"Cost justification defense","Can cost differences justify pricing?",reselling_business,39,723
2053,"Todoist amplification attacks","Productivity app DDoS",malware_tools,23,423
2054,"Pentimento artist corrections","Previous work showing through",content_acquisition,21,389
2055,"Information vs indictment","Charging document differences?",legal_issues,64,1223
2056,"DAX security","DynamoDB accelerator security AWS?",hosting_infrastructure,29,534
2057,"Meeting competition defense","Matching competitor pricing legal?",reselling_business,41,756
2058,"Any.do amplification attacks","Task manager DDoS",malware_tools,22,401
2059,"Craquelure age crackling","Paint surface aging patterns",content_acquisition,22,401
2060,"Preliminary hearing probable cause","Evidence standard for charging?",legal_issues,69,1334
2061,"Managed Blockchain security","Blockchain network security AWS?",hosting_infrastructure,25,456
2062,"Changing facilities defense","Cost differences over time?",reselling_business,34,623
2063,"Things amplification attacks","Task management DDoS",malware_tools,21,389
2064,"Paint drying times management","Understanding drying chemistry",content_acquisition,25,456
2065,"Bindover for trial standards","Holding for trial requirements?",legal_issues,71,1367